first,last,id,thumbnail
Bernice,Meyer,BernMey648,https://randomuser.me/api/portraits/thumb/women/2.jpg
Harvey,Long,HarvLon648,https://randomuser.me/api/portraits/thumb/men/21.jpg
Curtis,Russell,CurtRus567,https://randomuser.me/api/portraits/thumb/men/67.jpg
Maxine,Richardson,MaxiRic375,https://randomuser.me/api/portraits/thumb/women/83.jpg
Harvey,Simmons,HarvSim293,https://randomuser.me/api/portraits/thumb/men/75.jpg
Kirk,Roberts,KirkRob468,https://randomuser.me/api/portraits/thumb/men/88.jpg
Colleen,Morgan,CollMor038,https://randomuser.me/api/portraits/thumb/women/81.jpg
Joann,Barrett,JoanBar177,https://randomuser.me/api/portraits/thumb/women/17.jpg
Lesa,Oliver,LesaOli509,https://randomuser.me/api/portraits/thumb/women/22.jpg
Ron,Bowman,RonBow155,https://randomuser.me/api/portraits/thumb/men/0.jpg
Theodore,Fisher,TheoFis534,https://randomuser.me/api/portraits/thumb/men/57.jpg
Chester,Harper,ChesHar342,https://randomuser.me/api/portraits/thumb/men/95.jpg
Charles,Hart,CharHar027,https://randomuser.me/api/portraits/thumb/men/14.jpg
Joshua,Harris,JoshHar578,https://randomuser.me/api/portraits/thumb/men/84.jpg
Clayton,Green,ClayGre753,https://randomuser.me/api/portraits/thumb/men/69.jpg
Leslie,Ray,LeslRay261,https://randomuser.me/api/portraits/thumb/women/80.jpg
Florence,Russell,FlorRus413,https://randomuser.me/api/portraits/thumb/women/80.jpg
Robin,Armstrong,RobiArm674,https://randomuser.me/api/portraits/thumb/women/13.jpg
Robin,Bates,RobiBat372,https://randomuser.me/api/portraits/thumb/women/57.jpg
Clifford,Mckinney,ClifMck455,https://randomuser.me/api/portraits/thumb/men/96.jpg
Nicholas,Rivera,NichRiv598,https://randomuser.me/api/portraits/thumb/men/73.jpg
Isaac,Marshall,IsaaMar398,https://randomuser.me/api/portraits/thumb/men/76.jpg
Lauren,Martinez,LaurMar926,https://randomuser.me/api/portraits/thumb/women/22.jpg
Keith,Harvey,KeitHar686,https://randomuser.me/api/portraits/thumb/men/62.jpg
Lance,Terry,LancTer366,https://randomuser.me/api/portraits/thumb/men/99.jpg
Jesse,May,JessMay873,https://randomuser.me/api/portraits/thumb/men/87.jpg
Calvin,Castillo,CalvCas820,https://randomuser.me/api/portraits/thumb/men/37.jpg
Chad,Meyer,ChadMey826,https://randomuser.me/api/portraits/thumb/men/34.jpg
Megan,Cunningham,MegaCun706,https://randomuser.me/api/portraits/thumb/women/0.jpg
Harper,Owens,HarpOwe010,https://randomuser.me/api/portraits/thumb/women/9.jpg
Allen,Gray,AlleGra597,https://randomuser.me/api/portraits/thumb/men/68.jpg
Lee,Mason,LeeMas488,https://randomuser.me/api/portraits/thumb/men/92.jpg
Gordon,Cole,GordCol696,https://randomuser.me/api/portraits/thumb/men/53.jpg
Sheila,Byrd,SheiByr890,https://randomuser.me/api/portraits/thumb/women/72.jpg
Leah,Torres,LeahTor092,https://randomuser.me/api/portraits/thumb/women/82.jpg
Claude,Gutierrez,ClauGut505,https://randomuser.me/api/portraits/thumb/men/91.jpg
Marjorie,Mendoza,MarjMen916,https://randomuser.me/api/portraits/thumb/women/27.jpg
Lena,Fletcher,LenaFle671,https://randomuser.me/api/portraits/thumb/women/5.jpg
Eli,Kim,EliKim273,https://randomuser.me/api/portraits/thumb/men/44.jpg
Barry,Barrett,BarrBar144,https://randomuser.me/api/portraits/thumb/men/61.jpg
Mabel,Reed,MabeRee048,https://randomuser.me/api/portraits/thumb/women/24.jpg
Toni,Lambert,ToniLam902,https://randomuser.me/api/portraits/thumb/women/25.jpg
Tristan,Barnes,TrisBar685,https://randomuser.me/api/portraits/thumb/men/83.jpg
Eddie,Hart,EddiHar066,https://randomuser.me/api/portraits/thumb/men/60.jpg
Lauren,Bradley,LaurBra226,https://randomuser.me/api/portraits/thumb/women/82.jpg
Darren,Cunningham,DarrCun590,https://randomuser.me/api/portraits/thumb/men/90.jpg
Marcia,Fuller,MarcFul321,https://randomuser.me/api/portraits/thumb/women/66.jpg
Eric,Payne,EricPay184,https://randomuser.me/api/portraits/thumb/men/63.jpg
Maurice,Wade,MaurWad652,https://randomuser.me/api/portraits/thumb/men/97.jpg
Brandie,Gutierrez,BranGut083,https://randomuser.me/api/portraits/thumb/women/89.jpg
Vanessa,Carr,VaneCar676,https://randomuser.me/api/portraits/thumb/women/41.jpg
Ashley,Hicks,AshlHic232,https://randomuser.me/api/portraits/thumb/women/8.jpg
Janice,Lane,JaniLan335,https://randomuser.me/api/portraits/thumb/women/43.jpg
Toni,Fields,ToniFie389,https://randomuser.me/api/portraits/thumb/women/15.jpg
Connie,Freeman,ConnFre094,https://randomuser.me/api/portraits/thumb/women/41.jpg
Clifford,Burton,ClifBur382,https://randomuser.me/api/portraits/thumb/men/43.jpg
Bobby,Richards,BobbRic969,https://randomuser.me/api/portraits/thumb/men/9.jpg
Marcus,Hart,MarcHar571,https://randomuser.me/api/portraits/thumb/men/46.jpg
Terry,Robinson,TerrRob477,https://randomuser.me/api/portraits/thumb/men/58.jpg
Jacqueline,Mitchell,JacqMit388,https://randomuser.me/api/portraits/thumb/women/55.jpg
Regina,Mills,RegiMil526,https://randomuser.me/api/portraits/thumb/women/61.jpg
Alvin,Webb,AlviWeb523,https://randomuser.me/api/portraits/thumb/men/94.jpg
Alexa,Herrera,AlexHer140,https://randomuser.me/api/portraits/thumb/women/21.jpg
Gloria,Hayes,GlorHay909,https://randomuser.me/api/portraits/thumb/women/41.jpg
Alex,Ramirez,AlexRam428,https://randomuser.me/api/portraits/thumb/men/15.jpg
Yvonne,Hicks,YvonHic759,https://randomuser.me/api/portraits/thumb/women/9.jpg
Richard,Bates,RichBat161,https://randomuser.me/api/portraits/thumb/men/26.jpg
Victoria,Ramirez,VictRam956,https://randomuser.me/api/portraits/thumb/women/59.jpg
Jared,Murphy,JareMur716,https://randomuser.me/api/portraits/thumb/men/21.jpg
Cassandra,Hawkins,CassHaw260,https://randomuser.me/api/portraits/thumb/women/13.jpg
Ann,Lopez,AnnLop784,https://randomuser.me/api/portraits/thumb/women/92.jpg
Holly,Terry,HollTer481,https://randomuser.me/api/portraits/thumb/women/39.jpg
Rita,Hunt,RitaHun985,https://randomuser.me/api/portraits/thumb/women/61.jpg
Austin,Thomas,AustTho985,https://randomuser.me/api/portraits/thumb/men/35.jpg
Henry,Fox,HenrFox327,https://randomuser.me/api/portraits/thumb/men/50.jpg
Bobbie,Baker,BobbBak736,https://randomuser.me/api/portraits/thumb/women/2.jpg
Levi,Austin,LeviAus203,https://randomuser.me/api/portraits/thumb/men/67.jpg
Larry,Howell,LarrHow200,https://randomuser.me/api/portraits/thumb/men/50.jpg
Anita,Lucas,AnitLuc969,https://randomuser.me/api/portraits/thumb/women/78.jpg
Alicia,Wood,AlicWoo369,https://randomuser.me/api/portraits/thumb/women/10.jpg
Willard,Rogers,WillRog803,https://randomuser.me/api/portraits/thumb/men/84.jpg
Annette,Banks,AnneBan587,https://randomuser.me/api/portraits/thumb/women/48.jpg
Matthew,Douglas,MattDou286,https://randomuser.me/api/portraits/thumb/men/23.jpg
Yvonne,Hill,YvonHil719,https://randomuser.me/api/portraits/thumb/women/76.jpg
Jeanette,Shaw,JeanSha181,https://randomuser.me/api/portraits/thumb/women/88.jpg
Angel,Palmer,AngePal282,https://randomuser.me/api/portraits/thumb/men/65.jpg
Jean,Wade,JeanWad313,https://randomuser.me/api/portraits/thumb/women/3.jpg
Samantha,Reed,SamaRee053,https://randomuser.me/api/portraits/thumb/women/82.jpg
Catherine,Perry,CathPer186,https://randomuser.me/api/portraits/thumb/women/89.jpg
Kenzi,Henderson,KenzHen386,https://randomuser.me/api/portraits/thumb/women/26.jpg
Lois,Gibson,LoisGib880,https://randomuser.me/api/portraits/thumb/women/43.jpg
Everett,Henry,EverHen781,https://randomuser.me/api/portraits/thumb/men/34.jpg
Mathew,Allen,MathAll349,https://randomuser.me/api/portraits/thumb/men/55.jpg
Tonya,Medina,TonyMed450,https://randomuser.me/api/portraits/thumb/women/6.jpg
Jimmie,Patterson,JimmPat276,https://randomuser.me/api/portraits/thumb/men/20.jpg
Greg,Spencer,GregSpe347,https://randomuser.me/api/portraits/thumb/men/33.jpg
Mattie,Lambert,MattLam776,https://randomuser.me/api/portraits/thumb/women/85.jpg
Samuel,Evans,SamuEva781,https://randomuser.me/api/portraits/thumb/men/52.jpg
Joan,Barnett,JoanBar187,https://randomuser.me/api/portraits/thumb/women/21.jpg
Ruben,Washington,RubeWas006,https://randomuser.me/api/portraits/thumb/men/52.jpg
Theresa,Lowe,TherLow651,https://randomuser.me/api/portraits/thumb/women/90.jpg
Brett,Gomez,BretGom633,https://randomuser.me/api/portraits/thumb/men/26.jpg
Andy,Perry,AndyPer621,https://randomuser.me/api/portraits/thumb/men/67.jpg
Oscar,James,OscaJam336,https://randomuser.me/api/portraits/thumb/men/46.jpg
Stacey,Wilson,StacWil150,https://randomuser.me/api/portraits/thumb/women/27.jpg
Cassandra,George,CassGeo004,https://randomuser.me/api/portraits/thumb/women/37.jpg
Judith,Lambert,JudiLam960,https://randomuser.me/api/portraits/thumb/women/89.jpg
Kristen,Murray,KrisMur222,https://randomuser.me/api/portraits/thumb/women/13.jpg
Leta,Simmons,LetaSim737,https://randomuser.me/api/portraits/thumb/women/75.jpg
Deann,King,DeanKin868,https://randomuser.me/api/portraits/thumb/women/65.jpg
Madison,Willis,MadiWil887,https://randomuser.me/api/portraits/thumb/women/12.jpg
Olivia,Stephens,OlivSte097,https://randomuser.me/api/portraits/thumb/women/87.jpg
Lisa,Woods,LisaWoo508,https://randomuser.me/api/portraits/thumb/women/44.jpg
Mae,Cruz,MaeCru491,https://randomuser.me/api/portraits/thumb/women/36.jpg
Tyrone,Rodriquez,TyroRod984,https://randomuser.me/api/portraits/thumb/men/78.jpg
Jimmie,Jackson,JimmJac735,https://randomuser.me/api/portraits/thumb/men/50.jpg
Julio,Thompson,JuliTho470,https://randomuser.me/api/portraits/thumb/men/29.jpg
Noah,Lynch,NoahLyn081,https://randomuser.me/api/portraits/thumb/men/78.jpg
Jayden,Carlson,JaydCar987,https://randomuser.me/api/portraits/thumb/men/3.jpg
Joann,Wade,JoanWad864,https://randomuser.me/api/portraits/thumb/women/17.jpg
Terrance,Fletcher,TerrFle245,https://randomuser.me/api/portraits/thumb/men/4.jpg
Diana,Kim,DianKim179,https://randomuser.me/api/portraits/thumb/women/34.jpg
Sherri,Williamson,SherWil910,https://randomuser.me/api/portraits/thumb/women/91.jpg
Joseph,Fowler,JoseFow094,https://randomuser.me/api/portraits/thumb/men/66.jpg
Lorraine,Rhodes,LorrRho159,https://randomuser.me/api/portraits/thumb/women/37.jpg
Evan,Riley,EvanRil942,https://randomuser.me/api/portraits/thumb/men/64.jpg
Minnie,Mills,MinnMil818,https://randomuser.me/api/portraits/thumb/women/14.jpg
Doris,Medina,DoriMed494,https://randomuser.me/api/portraits/thumb/women/81.jpg
Deanna,Baker,DeanBak141,https://randomuser.me/api/portraits/thumb/women/43.jpg
Jeff,Jones,JeffJon654,https://randomuser.me/api/portraits/thumb/men/1.jpg
Ron,Castillo,RonCas119,https://randomuser.me/api/portraits/thumb/men/36.jpg
Michelle,Edwards,MichEdw466,https://randomuser.me/api/portraits/thumb/women/30.jpg
June,Reed,JuneRee569,https://randomuser.me/api/portraits/thumb/women/68.jpg
Alex,Nguyen,AlexNgu674,https://randomuser.me/api/portraits/thumb/men/13.jpg
Theresa,Chambers,TherCha979,https://randomuser.me/api/portraits/thumb/women/78.jpg
Wendy,Holt,WendHol549,https://randomuser.me/api/portraits/thumb/women/33.jpg
Jack,Cox,JackCox689,https://randomuser.me/api/portraits/thumb/men/97.jpg
Annette,Fuller,AnneFul524,https://randomuser.me/api/portraits/thumb/women/96.jpg
Heather,Curtis,HeatCur393,https://randomuser.me/api/portraits/thumb/women/53.jpg
Chris,Burton,ChriBur879,https://randomuser.me/api/portraits/thumb/men/84.jpg
Cory,Carroll,CoryCar854,https://randomuser.me/api/portraits/thumb/men/70.jpg
Pearl,Hart,PearHar029,https://randomuser.me/api/portraits/thumb/women/64.jpg
Addison,Kuhn,AddiKuh327,https://randomuser.me/api/portraits/thumb/women/30.jpg
Veronica,Moore,VeroMoo559,https://randomuser.me/api/portraits/thumb/women/12.jpg
Carolyn,Baker,CaroBak825,https://randomuser.me/api/portraits/thumb/women/92.jpg
Jose,Jennings,JoseJen928,https://randomuser.me/api/portraits/thumb/men/83.jpg
Eleanor,Armstrong,EleaArm996,https://randomuser.me/api/portraits/thumb/women/82.jpg
Tanya,Cook,TanyCoo814,https://randomuser.me/api/portraits/thumb/women/68.jpg
Bobbie,Carpenter,BobbCar126,https://randomuser.me/api/portraits/thumb/women/75.jpg
Gail,Chapman,GailCha618,https://randomuser.me/api/portraits/thumb/women/2.jpg
Gertrude,Howard,GertHow420,https://randomuser.me/api/portraits/thumb/women/49.jpg
John,Herrera,JohnHer266,https://randomuser.me/api/portraits/thumb/men/90.jpg
Michael,Rivera,MichRiv844,https://randomuser.me/api/portraits/thumb/men/59.jpg
Elsie,Mcdonalid,ElsiMcd246,https://randomuser.me/api/portraits/thumb/women/69.jpg
Erika,Sullivan,ErikSul095,https://randomuser.me/api/portraits/thumb/women/93.jpg
Gordon,Gray,GordGra488,https://randomuser.me/api/portraits/thumb/men/88.jpg
Jill,Flores,JillFlo225,https://randomuser.me/api/portraits/thumb/women/26.jpg
Marshall,Hoffman,MarsHof407,https://randomuser.me/api/portraits/thumb/men/75.jpg
Savannah,Turner,SavaTur401,https://randomuser.me/api/portraits/thumb/women/79.jpg
Connie,Davidson,ConnDav608,https://randomuser.me/api/portraits/thumb/women/50.jpg
Debbie,Jimenez,DebbJim977,https://randomuser.me/api/portraits/thumb/women/46.jpg
Jar,Clark,JarCla512,https://randomuser.me/api/portraits/thumb/men/33.jpg
Mike,Armstrong,MikeArm166,https://randomuser.me/api/portraits/thumb/men/39.jpg
Laurie,Reid,LaurRei939,https://randomuser.me/api/portraits/thumb/women/29.jpg
Ruben,Lucas,RubeLuc935,https://randomuser.me/api/portraits/thumb/men/72.jpg
Byron,Burton,ByroBur496,https://randomuser.me/api/portraits/thumb/men/93.jpg
Mary,Castillo,MaryCas290,https://randomuser.me/api/portraits/thumb/women/4.jpg
Andrew,George,AndrGeo769,https://randomuser.me/api/portraits/thumb/men/93.jpg
Alma,Sullivan,AlmaSul160,https://randomuser.me/api/portraits/thumb/women/34.jpg
Alyssa,Ramirez,AlysRam765,https://randomuser.me/api/portraits/thumb/women/92.jpg
Rene,Perry,RenePer359,https://randomuser.me/api/portraits/thumb/men/77.jpg
Peter,Silva,PeteSil475,https://randomuser.me/api/portraits/thumb/men/10.jpg
Mabel,Black,MabeBla632,https://randomuser.me/api/portraits/thumb/women/48.jpg
William,Kennedy,WillKen177,https://randomuser.me/api/portraits/thumb/men/5.jpg
Francis,Medina,FranMed719,https://randomuser.me/api/portraits/thumb/men/46.jpg
Lance,Grant,LancGra286,https://randomuser.me/api/portraits/thumb/men/36.jpg
Arianna,Hoffman,AriaHof366,https://randomuser.me/api/portraits/thumb/women/51.jpg
Loretta,Bennett,LoreBen526,https://randomuser.me/api/portraits/thumb/women/82.jpg
Debra,Barnes,DebrBar642,https://randomuser.me/api/portraits/thumb/women/81.jpg
Rachel,Jordan,RachJor680,https://randomuser.me/api/portraits/thumb/women/25.jpg
Darren,Russell,DarrRus372,https://randomuser.me/api/portraits/thumb/men/82.jpg
Brooklyn,Lane,BrooLan454,https://randomuser.me/api/portraits/thumb/women/9.jpg
Becky,Morris,BeckMor361,https://randomuser.me/api/portraits/thumb/women/33.jpg
Karl,Bowman,KarlBow255,https://randomuser.me/api/portraits/thumb/men/66.jpg
Samuel,Bowman,SamuBow103,https://randomuser.me/api/portraits/thumb/men/41.jpg
Valerie,Mckinney,ValeMck333,https://randomuser.me/api/portraits/thumb/women/79.jpg
Anne,Rhodes,AnneRho982,https://randomuser.me/api/portraits/thumb/women/36.jpg
Isaiah,Myers,IsaiMye212,https://randomuser.me/api/portraits/thumb/men/50.jpg
Terri,May,TerrMay536,https://randomuser.me/api/portraits/thumb/women/40.jpg
Courtney,Franklin,CourFra794,https://randomuser.me/api/portraits/thumb/women/21.jpg
Gabriel,Rogers,GabrRog285,https://randomuser.me/api/portraits/thumb/men/59.jpg
Veronica,Coleman,VeroCol009,https://randomuser.me/api/portraits/thumb/women/91.jpg
Anthony,Clark,AnthCla819,https://randomuser.me/api/portraits/thumb/men/25.jpg
Lewis,Obrien,LewiObr480,https://randomuser.me/api/portraits/thumb/men/51.jpg
Eric,Elliott,EricEll687,https://randomuser.me/api/portraits/thumb/men/8.jpg
Felecia,Kelley,FeleKel391,https://randomuser.me/api/portraits/thumb/women/0.jpg
Justin,Bradley,JustBra053,https://randomuser.me/api/portraits/thumb/men/32.jpg
Leon,Walker,LeonWal152,https://randomuser.me/api/portraits/thumb/men/0.jpg
Tracy,Lynch,TracLyn471,https://randomuser.me/api/portraits/thumb/men/51.jpg
Brandie,Henderson,BranHen791,https://randomuser.me/api/portraits/thumb/women/3.jpg
Jeffrey,Berry,JeffBer815,https://randomuser.me/api/portraits/thumb/men/15.jpg
Ricky,Murray,RickMur722,https://randomuser.me/api/portraits/thumb/men/74.jpg
Terry,Cooper,TerrCoo628,https://randomuser.me/api/portraits/thumb/men/78.jpg
Jo,Reyes,JoRey284,https://randomuser.me/api/portraits/thumb/women/50.jpg
Pat,Bryant,PatBry193,https://randomuser.me/api/portraits/thumb/men/96.jpg
Kenzi,Payne,KenzPay586,https://randomuser.me/api/portraits/thumb/women/73.jpg
Craig,Mcdonalid,CraiMcd490,https://randomuser.me/api/portraits/thumb/men/19.jpg
Joe,Williams,JoeWil647,https://randomuser.me/api/portraits/thumb/men/5.jpg
Leslie,Day,LeslDay854,https://randomuser.me/api/portraits/thumb/women/2.jpg
Marcus,Green,MarcGre402,https://randomuser.me/api/portraits/thumb/men/87.jpg
Marvin,Pena,MarvPen599,https://randomuser.me/api/portraits/thumb/men/96.jpg
Tracy,Horton,TracHor084,https://randomuser.me/api/portraits/thumb/men/3.jpg
Sally,Beck,SallBec411,https://randomuser.me/api/portraits/thumb/women/68.jpg
Genesis,Cooper,GeneCoo099,https://randomuser.me/api/portraits/thumb/women/70.jpg
Dean,Palmer,DeanPal885,https://randomuser.me/api/portraits/thumb/men/4.jpg
Tonya,Cooper,TonyCoo543,https://randomuser.me/api/portraits/thumb/women/68.jpg
Mitchell,Curtis,MitcCur596,https://randomuser.me/api/portraits/thumb/men/75.jpg
Pauline,Brewer,PaulBre438,https://randomuser.me/api/portraits/thumb/women/83.jpg
Ken,Elliott,KenEll314,https://randomuser.me/api/portraits/thumb/men/95.jpg
Shannon,Morales,ShanMor613,https://randomuser.me/api/portraits/thumb/women/30.jpg
Ian,Nguyen,IanNgu700,https://randomuser.me/api/portraits/thumb/men/32.jpg
Dale,Warren,DaleWar836,https://randomuser.me/api/portraits/thumb/men/32.jpg
Joyce,Meyer,JoycMey305,https://randomuser.me/api/portraits/thumb/women/73.jpg
Georgia,Peck,GeorPec663,https://randomuser.me/api/portraits/thumb/women/78.jpg
Marion,White,MariWhi651,https://randomuser.me/api/portraits/thumb/men/22.jpg
Carl,Bailey,CarlBai667,https://randomuser.me/api/portraits/thumb/men/97.jpg
Cory,Lee,CoryLee356,https://randomuser.me/api/portraits/thumb/men/15.jpg
Erin,Morgan,ErinMor161,https://randomuser.me/api/portraits/thumb/women/20.jpg
Camila,Davis,CamiDav088,https://randomuser.me/api/portraits/thumb/women/33.jpg
Alvin,Wilson,AlviWil349,https://randomuser.me/api/portraits/thumb/men/37.jpg
Joanne,Shaw,JoanSha680,https://randomuser.me/api/portraits/thumb/women/46.jpg
Paul,Pearson,PaulPea773,https://randomuser.me/api/portraits/thumb/men/95.jpg
April,Robertson,ApriRob599,https://randomuser.me/api/portraits/thumb/women/63.jpg
Florence,Ruiz,FlorRui069,https://randomuser.me/api/portraits/thumb/women/62.jpg
Brandy,Simmons,BranSim360,https://randomuser.me/api/portraits/thumb/women/42.jpg
Edwin,Russell,EdwiRus992,https://randomuser.me/api/portraits/thumb/men/27.jpg
Jeanette,Jacobs,JeanJac211,https://randomuser.me/api/portraits/thumb/women/14.jpg
Roberto,Stanley,RobeSta097,https://randomuser.me/api/portraits/thumb/men/13.jpg
Amy,Webb,AmyWeb575,https://randomuser.me/api/portraits/thumb/women/0.jpg
Roy,Nguyen,RoyNgu676,https://randomuser.me/api/portraits/thumb/men/32.jpg
Leo,Marshall,LeoMar877,https://randomuser.me/api/portraits/thumb/men/49.jpg
Andrea,Holland,AndrHol967,https://randomuser.me/api/portraits/thumb/women/59.jpg
Daisy,Lambert,DaisLam867,https://randomuser.me/api/portraits/thumb/women/46.jpg
Mitchell,Mckinney,MitcMck559,https://randomuser.me/api/portraits/thumb/men/19.jpg
Roger,Morales,RogeMor373,https://randomuser.me/api/portraits/thumb/men/4.jpg
Stanley,Carter,StanCar291,https://randomuser.me/api/portraits/thumb/men/41.jpg
Debra,Lawson,DebrLaw876,https://randomuser.me/api/portraits/thumb/women/50.jpg
Beverley,White,BeveWhi523,https://randomuser.me/api/portraits/thumb/women/85.jpg
Elsie,Hanson,ElsiHan838,https://randomuser.me/api/portraits/thumb/women/75.jpg
Olivia,Rogers,OlivRog107,https://randomuser.me/api/portraits/thumb/women/1.jpg
Tommy,Berry,TommBer149,https://randomuser.me/api/portraits/thumb/men/63.jpg
Leslie,Perez,LeslPer182,https://randomuser.me/api/portraits/thumb/men/97.jpg
Carrie,Welch,CarrWel994,https://randomuser.me/api/portraits/thumb/women/59.jpg
Tomothy,Edwards,TomoEdw274,https://randomuser.me/api/portraits/thumb/men/35.jpg
Chad,Gordon,ChadGor226,https://randomuser.me/api/portraits/thumb/men/39.jpg
Kristina,Neal,KrisNea057,https://randomuser.me/api/portraits/thumb/women/40.jpg
Irma,Wallace,IrmaWal655,https://randomuser.me/api/portraits/thumb/women/72.jpg
Chester,Herrera,ChesHer675,https://randomuser.me/api/portraits/thumb/men/78.jpg
Krin,Owens,KrinOwe400,https://randomuser.me/api/portraits/thumb/women/88.jpg
Ruben,Jensen,RubeJen441,https://randomuser.me/api/portraits/thumb/men/34.jpg
Alberto,Young,AlbeYou914,https://randomuser.me/api/portraits/thumb/men/31.jpg
Elijah,Johnson,ElijJoh291,https://randomuser.me/api/portraits/thumb/men/23.jpg
Sandra,Rhodes,SandRho190,https://randomuser.me/api/portraits/thumb/women/69.jpg
Richard,Green,RichGre657,https://randomuser.me/api/portraits/thumb/men/94.jpg
Terrance,Alvarez,TerrAlv746,https://randomuser.me/api/portraits/thumb/men/53.jpg
Jared,Walters,JareWal741,https://randomuser.me/api/portraits/thumb/men/28.jpg
Cecil,Ward,CeciWar741,https://randomuser.me/api/portraits/thumb/men/1.jpg
Ross,Bishop,RossBis639,https://randomuser.me/api/portraits/thumb/men/27.jpg
Lesa,Welch,LesaWel498,https://randomuser.me/api/portraits/thumb/women/26.jpg
Katie,Wagner,KatiWag879,https://randomuser.me/api/portraits/thumb/women/10.jpg
Marshall,Romero,MarsRom219,https://randomuser.me/api/portraits/thumb/men/27.jpg
Hilda,Day,HildDay886,https://randomuser.me/api/portraits/thumb/women/20.jpg
Rose,Steeves ,RoseSte693,https://randomuser.me/api/portraits/thumb/women/42.jpg
Tamara,Diaz,TamaDia544,https://randomuser.me/api/portraits/thumb/women/78.jpg
Jordan,Howard,JordHow315,https://randomuser.me/api/portraits/thumb/men/82.jpg
Jackson,Mccoy,JackMcc450,https://randomuser.me/api/portraits/thumb/men/12.jpg
Deanna,Rhodes,DeanRho872,https://randomuser.me/api/portraits/thumb/women/69.jpg
Keith,Reed,KeitRee021,https://randomuser.me/api/portraits/thumb/men/84.jpg
Louise,Rodriguez,LouiRod072,https://randomuser.me/api/portraits/thumb/women/58.jpg
Erika,Armstrong,ErikArm243,https://randomuser.me/api/portraits/thumb/women/10.jpg
Jeffrey,Moreno,JeffMor325,https://randomuser.me/api/portraits/thumb/men/7.jpg
Michele,Porter,MichPor589,https://randomuser.me/api/portraits/thumb/women/26.jpg
Billie,Price,BillPri383,https://randomuser.me/api/portraits/thumb/women/71.jpg
Genesis,Collins,GeneCol429,https://randomuser.me/api/portraits/thumb/women/95.jpg
Debbie,Mills,DebbMil926,https://randomuser.me/api/portraits/thumb/women/26.jpg
Scott,Andrews,ScotAnd388,https://randomuser.me/api/portraits/thumb/men/96.jpg
Salvador,Stewart,SalvSte886,https://randomuser.me/api/portraits/thumb/men/84.jpg
Stacey,Wallace,StacWal864,https://randomuser.me/api/portraits/thumb/women/29.jpg
Chad,Grant,ChadGra264,https://randomuser.me/api/portraits/thumb/men/69.jpg
Leslie,Richards,LeslRic532,https://randomuser.me/api/portraits/thumb/women/88.jpg
Bessie,Black,BessBla932,https://randomuser.me/api/portraits/thumb/women/84.jpg
Shane,Thompson,ShanTho150,https://randomuser.me/api/portraits/thumb/men/87.jpg
Valerie,Welch,ValeWel451,https://randomuser.me/api/portraits/thumb/women/46.jpg
Brittany,Peterson,BritPet461,https://randomuser.me/api/portraits/thumb/women/40.jpg
Alexander,Bailey,AlexBai539,https://randomuser.me/api/portraits/thumb/men/16.jpg
Martha,Fleming,MartFle963,https://randomuser.me/api/portraits/thumb/women/30.jpg
Gordon,Young,GordYou714,https://randomuser.me/api/portraits/thumb/men/67.jpg
Jamie,Hudson,JamiHud754,https://randomuser.me/api/portraits/thumb/men/55.jpg
Irma,Black,IrmaBla299,https://randomuser.me/api/portraits/thumb/women/95.jpg
Caroline,Kennedy,CaroKen821,https://randomuser.me/api/portraits/thumb/women/8.jpg
Emily,Gonzales,EmilGon907,https://randomuser.me/api/portraits/thumb/women/60.jpg
Tristan,Marshall,TrisMar727,https://randomuser.me/api/portraits/thumb/men/68.jpg
Gabriella,Porter,GabrPor298,https://randomuser.me/api/portraits/thumb/women/74.jpg
Glenda,Steward,GlenSte206,https://randomuser.me/api/portraits/thumb/women/96.jpg
Karl,Griffin,KarlGri680,https://randomuser.me/api/portraits/thumb/men/54.jpg
Esther,Lawson,EsthLaw583,https://randomuser.me/api/portraits/thumb/women/31.jpg
Bobbie,Palmer,BobbPal118,https://randomuser.me/api/portraits/thumb/women/51.jpg
Gail,Jackson,GailJac708,https://randomuser.me/api/portraits/thumb/women/69.jpg
Lydia,Foster,LydiFos210,https://randomuser.me/api/portraits/thumb/women/38.jpg
Carmen,Knight,CarmKni356,https://randomuser.me/api/portraits/thumb/women/95.jpg
Frank,Oliver,FranOli080,https://randomuser.me/api/portraits/thumb/men/27.jpg
Elizabeth,Dixon,ElizDix285,https://randomuser.me/api/portraits/thumb/women/73.jpg
Vicki,Morrison,VickMor492,https://randomuser.me/api/portraits/thumb/women/57.jpg
Debbie,Simmmons,DebbSim651,https://randomuser.me/api/portraits/thumb/women/37.jpg
Jamie,Owens,JamiOwe160,https://randomuser.me/api/portraits/thumb/men/49.jpg
Ian,Evans,IanEva543,https://randomuser.me/api/portraits/thumb/men/69.jpg
Cathy,Perez,CathPer210,https://randomuser.me/api/portraits/thumb/women/95.jpg
Perry,Gardner,PerrGar892,https://randomuser.me/api/portraits/thumb/men/71.jpg
Hailey,Pierce,HailPie599,https://randomuser.me/api/portraits/thumb/women/74.jpg
Wallace,Crawford,WallCra931,https://randomuser.me/api/portraits/thumb/men/62.jpg
Fernando,Ryan,FernRya340,https://randomuser.me/api/portraits/thumb/men/26.jpg
Ralph,Jacobs,RalpJac715,https://randomuser.me/api/portraits/thumb/men/57.jpg
Valerie,Gray,ValeGra320,https://randomuser.me/api/portraits/thumb/women/4.jpg
June,Hayes,JuneHay761,https://randomuser.me/api/portraits/thumb/women/19.jpg
Nelson,Austin,NelsAus839,https://randomuser.me/api/portraits/thumb/men/64.jpg
Beverley,Rivera,BeveRiv862,https://randomuser.me/api/portraits/thumb/women/3.jpg
Hannah,Young,HannYou128,https://randomuser.me/api/portraits/thumb/women/53.jpg
Colleen,Walker,CollWal894,https://randomuser.me/api/portraits/thumb/women/6.jpg
Jeffery,Gilbert,JeffGil463,https://randomuser.me/api/portraits/thumb/men/72.jpg
Clifford,Hill,ClifHil027,https://randomuser.me/api/portraits/thumb/men/67.jpg
Alma,Newman,AlmaNew898,https://randomuser.me/api/portraits/thumb/women/85.jpg
Alicia,Brown,AlicBro669,https://randomuser.me/api/portraits/thumb/women/57.jpg
Allen,Shelton,AlleShe546,https://randomuser.me/api/portraits/thumb/men/84.jpg
Marion,Jordan,MariJor611,https://randomuser.me/api/portraits/thumb/women/22.jpg
Harper,Lawson,HarpLaw634,https://randomuser.me/api/portraits/thumb/women/68.jpg
Evelyn,Hicks,EvelHic858,https://randomuser.me/api/portraits/thumb/women/65.jpg
Lucy,Knight,LucyKni438,https://randomuser.me/api/portraits/thumb/women/92.jpg
Harvey,Simpson,HarvSim608,https://randomuser.me/api/portraits/thumb/men/89.jpg
Keith,Collins,KeitCol852,https://randomuser.me/api/portraits/thumb/men/43.jpg
Kathryn,Howell,KathHow735,https://randomuser.me/api/portraits/thumb/women/86.jpg
Scott,Lewis,ScotLew698,https://randomuser.me/api/portraits/thumb/men/85.jpg
Joy,Mitchell,JoyMit882,https://randomuser.me/api/portraits/thumb/women/11.jpg
Ramon,Dixon,RamoDix415,https://randomuser.me/api/portraits/thumb/men/24.jpg
Bessie,Price,BessPri279,https://randomuser.me/api/portraits/thumb/women/60.jpg
Clifton,Horton,ClifHor753,https://randomuser.me/api/portraits/thumb/men/26.jpg
Carlos,Romero,CarlRom173,https://randomuser.me/api/portraits/thumb/men/1.jpg
Bill,Hawkins,BillHaw445,https://randomuser.me/api/portraits/thumb/men/32.jpg
Hilda,Russell,HildRus689,https://randomuser.me/api/portraits/thumb/women/42.jpg
Frances,Simpson,FranSim056,https://randomuser.me/api/portraits/thumb/women/86.jpg
Shannon,Rivera,ShanRiv022,https://randomuser.me/api/portraits/thumb/women/27.jpg
Noah,Franklin,NoahFra485,https://randomuser.me/api/portraits/thumb/men/53.jpg
Vivan,Oliver,VivaOli824,https://randomuser.me/api/portraits/thumb/women/78.jpg
Isaac,Ford,IsaaFor118,https://randomuser.me/api/portraits/thumb/men/82.jpg
Raul,Caldwell,RaulCal098,https://randomuser.me/api/portraits/thumb/men/17.jpg
Frederick,Sutton,FredSut403,https://randomuser.me/api/portraits/thumb/men/62.jpg
Corey,Burns,CoreBur827,https://randomuser.me/api/portraits/thumb/men/86.jpg
Gladys,Larson,GladLar744,https://randomuser.me/api/portraits/thumb/women/94.jpg
Wesley,Holland,WeslHol203,https://randomuser.me/api/portraits/thumb/men/16.jpg
Lena,Hudson,LenaHud626,https://randomuser.me/api/portraits/thumb/women/43.jpg
Pedro,Owens,PedrOwe965,https://randomuser.me/api/portraits/thumb/men/91.jpg
Louis,Steward,LouiSte368,https://randomuser.me/api/portraits/thumb/men/77.jpg
Daryl,Robertson,DaryRob524,https://randomuser.me/api/portraits/thumb/men/86.jpg
Elaine,Gray,ElaiGra566,https://randomuser.me/api/portraits/thumb/women/41.jpg
Cody,Adams,CodyAda793,https://randomuser.me/api/portraits/thumb/men/35.jpg
Veronica,Hernandez,VeroHer113,https://randomuser.me/api/portraits/thumb/women/44.jpg
Cherly,Pearson,CherPea956,https://randomuser.me/api/portraits/thumb/women/24.jpg
Darrell,Miles,DarrMil454,https://randomuser.me/api/portraits/thumb/men/66.jpg
Dale,Carter,DaleCar015,https://randomuser.me/api/portraits/thumb/men/0.jpg
Judy,Lambert,JudyLam932,https://randomuser.me/api/portraits/thumb/women/14.jpg
Ethel,Gregory,EtheGre740,https://randomuser.me/api/portraits/thumb/women/11.jpg
Vera,Watkins,VeraWat722,https://randomuser.me/api/portraits/thumb/women/6.jpg
Marcus,Green,MarcGre744,https://randomuser.me/api/portraits/thumb/men/87.jpg
Diana,Adams,DianAda266,https://randomuser.me/api/portraits/thumb/women/80.jpg
Isabella,Wood,IsabWoo896,https://randomuser.me/api/portraits/thumb/women/62.jpg
Bobby,Stevens,BobbSte734,https://randomuser.me/api/portraits/thumb/men/88.jpg
Clinton,Sanders,ClinSan281,https://randomuser.me/api/portraits/thumb/men/33.jpg
Bryan,Vargas,BryaVar898,https://randomuser.me/api/portraits/thumb/men/83.jpg
Erin,Lambert,ErinLam732,https://randomuser.me/api/portraits/thumb/women/47.jpg
Mia,Richardson,MiaRic568,https://randomuser.me/api/portraits/thumb/women/83.jpg
Ted,Fowler,TedFow335,https://randomuser.me/api/portraits/thumb/men/82.jpg
Layla,Rogers,LaylRog243,https://randomuser.me/api/portraits/thumb/women/49.jpg
Michael,Rivera,MichRiv291,https://randomuser.me/api/portraits/thumb/men/94.jpg
Brianna,Steeves ,BriaSte856,https://randomuser.me/api/portraits/thumb/women/15.jpg
Patrick,Jordan,PatrJor940,https://randomuser.me/api/portraits/thumb/men/99.jpg
Lily,Shelton,LilyShe848,https://randomuser.me/api/portraits/thumb/women/91.jpg
Ramona,Flores,RamoFlo505,https://randomuser.me/api/portraits/thumb/women/82.jpg
Marjorie,Sanders,MarjSan958,https://randomuser.me/api/portraits/thumb/women/51.jpg
Penny,Fields,PennFie605,https://randomuser.me/api/portraits/thumb/women/57.jpg
Clara,Nichols,ClarNic125,https://randomuser.me/api/portraits/thumb/women/13.jpg
Christine,Brooks,ChriBro432,https://randomuser.me/api/portraits/thumb/women/85.jpg
Margie,Morales,MargMor933,https://randomuser.me/api/portraits/thumb/women/93.jpg
Antonio,Peters,AntoPet846,https://randomuser.me/api/portraits/thumb/men/6.jpg
Tracy,Anderson,TracAnd568,https://randomuser.me/api/portraits/thumb/women/95.jpg
Corey,Perry,CorePer444,https://randomuser.me/api/portraits/thumb/men/20.jpg
Marion,Warren,MariWar474,https://randomuser.me/api/portraits/thumb/women/77.jpg
Nina,Rogers,NinaRog467,https://randomuser.me/api/portraits/thumb/women/54.jpg
Melvin,Ramirez,MelvRam846,https://randomuser.me/api/portraits/thumb/men/74.jpg
Florence,Walters,FlorWal223,https://randomuser.me/api/portraits/thumb/women/15.jpg
Jordan,Fernandez,JordFer191,https://randomuser.me/api/portraits/thumb/men/4.jpg
Logan,Jackson,LogaJac810,https://randomuser.me/api/portraits/thumb/men/98.jpg
Brianna,Steward,BriaSte353,https://randomuser.me/api/portraits/thumb/women/80.jpg
Renee,Foster,ReneFos658,https://randomuser.me/api/portraits/thumb/women/38.jpg
Pamela,Clark,PameCla880,https://randomuser.me/api/portraits/thumb/women/9.jpg
Katie,Ross,KatiRos000,https://randomuser.me/api/portraits/thumb/women/84.jpg
Wade,Wilson,WadeWil894,https://randomuser.me/api/portraits/thumb/men/20.jpg
Scott,Welch,ScotWel037,https://randomuser.me/api/portraits/thumb/men/53.jpg
Tyler,Andrews,TyleAnd787,https://randomuser.me/api/portraits/thumb/men/56.jpg
Penny,Ford,PennFor524,https://randomuser.me/api/portraits/thumb/women/63.jpg
Cameron,Freeman,CameFre660,https://randomuser.me/api/portraits/thumb/men/46.jpg
Erica,Frazier,EricFra159,https://randomuser.me/api/portraits/thumb/women/66.jpg
Ramona,Mitchell,RamoMit524,https://randomuser.me/api/portraits/thumb/women/31.jpg
Marc,Henderson,MarcHen255,https://randomuser.me/api/portraits/thumb/men/38.jpg
Brent,Flores,BrenFlo134,https://randomuser.me/api/portraits/thumb/men/39.jpg
Marc,Brooks,MarcBro008,https://randomuser.me/api/portraits/thumb/men/36.jpg
Jeanne,Rogers,JeanRog071,https://randomuser.me/api/portraits/thumb/women/5.jpg
Craig,Marshall,CraiMar766,https://randomuser.me/api/portraits/thumb/men/73.jpg
Karl,Snyder,KarlSny964,https://randomuser.me/api/portraits/thumb/men/29.jpg
Juan,Montgomery,JuanMon291,https://randomuser.me/api/portraits/thumb/men/60.jpg
Regina,Ramos,RegiRam820,https://randomuser.me/api/portraits/thumb/women/26.jpg
Colleen,Sutton,CollSut628,https://randomuser.me/api/portraits/thumb/women/72.jpg
Lucas,Hudson,LucaHud586,https://randomuser.me/api/portraits/thumb/men/30.jpg
Beverley,Powell,BevePow152,https://randomuser.me/api/portraits/thumb/women/77.jpg
Florence,Thomas,FlorTho917,https://randomuser.me/api/portraits/thumb/women/2.jpg
Madison,Harrison,MadiHar911,https://randomuser.me/api/portraits/thumb/women/44.jpg
Josephine,Gibson,JoseGib295,https://randomuser.me/api/portraits/thumb/women/92.jpg
Marjorie,Hill,MarjHil079,https://randomuser.me/api/portraits/thumb/women/76.jpg
Tanya,Gilbert,TanyGil595,https://randomuser.me/api/portraits/thumb/women/91.jpg
Stacey,Harris,StacHar334,https://randomuser.me/api/portraits/thumb/women/85.jpg
Isabella,Rose,IsabRos614,https://randomuser.me/api/portraits/thumb/women/48.jpg
Keith,Gordon,KeitGor426,https://randomuser.me/api/portraits/thumb/men/2.jpg
Ryan,Carroll,RyanCar232,https://randomuser.me/api/portraits/thumb/men/63.jpg
Edwin,Carlson,EdwiCar636,https://randomuser.me/api/portraits/thumb/men/72.jpg
Leroy,Mills,LeroMil994,https://randomuser.me/api/portraits/thumb/men/70.jpg
Ivan,Bowman,IvanBow571,https://randomuser.me/api/portraits/thumb/men/70.jpg
Alex,Henry,AlexHen938,https://randomuser.me/api/portraits/thumb/men/35.jpg
Richard,Frazier,RichFra265,https://randomuser.me/api/portraits/thumb/men/49.jpg
Linda,Taylor,LindTay265,https://randomuser.me/api/portraits/thumb/women/90.jpg
Joe,Sullivan,JoeSul076,https://randomuser.me/api/portraits/thumb/men/63.jpg
Lillian,Cox,LillCox382,https://randomuser.me/api/portraits/thumb/women/65.jpg
Rene,Robinson,ReneRob013,https://randomuser.me/api/portraits/thumb/men/12.jpg
Morris,Cox,MorrCox435,https://randomuser.me/api/portraits/thumb/men/10.jpg
Alma,Scott,AlmaSco615,https://randomuser.me/api/portraits/thumb/women/7.jpg
Russell,Thompson,RussTho320,https://randomuser.me/api/portraits/thumb/men/98.jpg
Jennifer,Peters,JennPet889,https://randomuser.me/api/portraits/thumb/women/90.jpg
Felix,Watts,FeliWat486,https://randomuser.me/api/portraits/thumb/men/92.jpg
Krin,Martinez,KrinMar000,https://randomuser.me/api/portraits/thumb/women/20.jpg
Brayden,Graham,BrayGra078,https://randomuser.me/api/portraits/thumb/men/27.jpg
Beatrice,Lopez,BeatLop041,https://randomuser.me/api/portraits/thumb/women/64.jpg
Sylvia,Garza,SylvGar339,https://randomuser.me/api/portraits/thumb/women/16.jpg
Megan,Edwards,MegaEdw801,https://randomuser.me/api/portraits/thumb/women/46.jpg
Marc,Burns,MarcBur486,https://randomuser.me/api/portraits/thumb/men/78.jpg
Judd,Burke,JuddBur534,https://randomuser.me/api/portraits/thumb/men/38.jpg
Andrea,Wells,AndrWel173,https://randomuser.me/api/portraits/thumb/women/31.jpg
Samantha,Meyer,SamaMey606,https://randomuser.me/api/portraits/thumb/women/65.jpg
Raymond,Hoffman,RaymHof035,https://randomuser.me/api/portraits/thumb/men/22.jpg
Ava,Crawford,AvaCra149,https://randomuser.me/api/portraits/thumb/women/39.jpg
Rick,Meyer,RickMey191,https://randomuser.me/api/portraits/thumb/men/29.jpg
Armando,Hicks,ArmaHic596,https://randomuser.me/api/portraits/thumb/men/39.jpg
Tina,Smith,TinaSmi424,https://randomuser.me/api/portraits/thumb/women/62.jpg
Charlotte,Coleman,CharCol447,https://randomuser.me/api/portraits/thumb/women/39.jpg
Seth,Grant,SethGra692,https://randomuser.me/api/portraits/thumb/men/44.jpg
Linda,Ray,LindRay682,https://randomuser.me/api/portraits/thumb/women/64.jpg
Alberto,Bishop,AlbeBis796,https://randomuser.me/api/portraits/thumb/men/77.jpg
Luis,Richards,LuisRic332,https://randomuser.me/api/portraits/thumb/men/74.jpg
Regina,Chapman,RegiCha986,https://randomuser.me/api/portraits/thumb/women/31.jpg
Victoria,Murphy,VictMur512,https://randomuser.me/api/portraits/thumb/women/72.jpg
Micheal,Peck,MichPec119,https://randomuser.me/api/portraits/thumb/men/43.jpg
Darrell,Edwards,DarrEdw658,https://randomuser.me/api/portraits/thumb/men/41.jpg
Ricardo,Hayes,RicaHay895,https://randomuser.me/api/portraits/thumb/men/29.jpg
Herminia,Larson,HermLar158,https://randomuser.me/api/portraits/thumb/women/35.jpg
Darrell,Stanley,DarrSta093,https://randomuser.me/api/portraits/thumb/men/63.jpg
Mabel,Hunter,MabeHun702,https://randomuser.me/api/portraits/thumb/women/11.jpg
Craig,Long,CraiLon538,https://randomuser.me/api/portraits/thumb/men/26.jpg
Clyde,Mills,ClydMil855,https://randomuser.me/api/portraits/thumb/men/3.jpg
Mathew,Carlson,MathCar863,https://randomuser.me/api/portraits/thumb/men/83.jpg
Edwin,Andrews,EdwiAnd603,https://randomuser.me/api/portraits/thumb/men/85.jpg
George,Coleman,GeorCol841,https://randomuser.me/api/portraits/thumb/men/95.jpg
Danny,Washington,DannWas036,https://randomuser.me/api/portraits/thumb/men/14.jpg
Amy,Nelson,AmyNel176,https://randomuser.me/api/portraits/thumb/women/16.jpg
Lucas,Mason,LucaMas496,https://randomuser.me/api/portraits/thumb/men/12.jpg
Brandie,Harper,BranHar814,https://randomuser.me/api/portraits/thumb/women/94.jpg
Ashley,Bryant,AshlBry785,https://randomuser.me/api/portraits/thumb/women/6.jpg
Daryl,Wright,DaryWri570,https://randomuser.me/api/portraits/thumb/men/60.jpg
Pauline,Barrett,PaulBar251,https://randomuser.me/api/portraits/thumb/women/64.jpg
Maurice,Gomez,MaurGom375,https://randomuser.me/api/portraits/thumb/men/51.jpg
Alice,Owens,AlicOwe204,https://randomuser.me/api/portraits/thumb/women/89.jpg
Curtis,Pearson,CurtPea454,https://randomuser.me/api/portraits/thumb/men/21.jpg
Zachary,Medina,ZachMed207,https://randomuser.me/api/portraits/thumb/men/38.jpg
Kim,Hansen,KimHan675,https://randomuser.me/api/portraits/thumb/women/78.jpg
Serenity,Shelton,SereShe828,https://randomuser.me/api/portraits/thumb/women/19.jpg
Byron,Rodriguez,ByroRod156,https://randomuser.me/api/portraits/thumb/men/69.jpg
Terri,Diaz,TerrDia205,https://randomuser.me/api/portraits/thumb/women/7.jpg
Jenny,Obrien,JennObr698,https://randomuser.me/api/portraits/thumb/women/79.jpg
Milton,Flores,MiltFlo620,https://randomuser.me/api/portraits/thumb/men/78.jpg
Samuel,Jackson,SamuJac889,https://randomuser.me/api/portraits/thumb/men/85.jpg
Theresa,Ferguson,TherFer101,https://randomuser.me/api/portraits/thumb/women/26.jpg
Stephen,Barnett,StepBar829,https://randomuser.me/api/portraits/thumb/men/69.jpg
Don,Hart,DonHar465,https://randomuser.me/api/portraits/thumb/men/16.jpg
Suzanne,Carr,SuzaCar155,https://randomuser.me/api/portraits/thumb/women/72.jpg
Lloyd,Wallace,LloyWal106,https://randomuser.me/api/portraits/thumb/men/28.jpg
Myrtle,Bishop,MyrtBis618,https://randomuser.me/api/portraits/thumb/women/73.jpg
Sergio,Douglas,SergDou796,https://randomuser.me/api/portraits/thumb/men/9.jpg
Andrea,Coleman,AndrCol249,https://randomuser.me/api/portraits/thumb/women/58.jpg
Ethan,Spencer,EthaSpe452,https://randomuser.me/api/portraits/thumb/men/4.jpg
Kenzi,Hopkins,KenzHop007,https://randomuser.me/api/portraits/thumb/women/73.jpg
Gabriella,Dixon,GabrDix089,https://randomuser.me/api/portraits/thumb/women/10.jpg
Jackie,Jacobs,JackJac981,https://randomuser.me/api/portraits/thumb/women/84.jpg
Jesus,Butler,JesuBut195,https://randomuser.me/api/portraits/thumb/men/22.jpg
Brooklyn,Carpenter,BrooCar720,https://randomuser.me/api/portraits/thumb/women/76.jpg
Jennie,Stone,JennSto996,https://randomuser.me/api/portraits/thumb/women/39.jpg
Christopher,Fuller,ChriFul123,https://randomuser.me/api/portraits/thumb/men/23.jpg
Melissa,Parker,MeliPar498,https://randomuser.me/api/portraits/thumb/women/18.jpg
Mae,Morris,MaeMor301,https://randomuser.me/api/portraits/thumb/women/81.jpg
April,Adams,ApriAda091,https://randomuser.me/api/portraits/thumb/women/63.jpg
Claire,Powell,ClaiPow135,https://randomuser.me/api/portraits/thumb/women/42.jpg
Reginald,Rivera,RegiRiv441,https://randomuser.me/api/portraits/thumb/men/66.jpg
Sofia,Burton,SofiBur775,https://randomuser.me/api/portraits/thumb/women/69.jpg
Sandra,Wood,SandWoo438,https://randomuser.me/api/portraits/thumb/women/45.jpg
Lena,Wilson,LenaWil208,https://randomuser.me/api/portraits/thumb/women/74.jpg
Ernest,Bennett,ErneBen278,https://randomuser.me/api/portraits/thumb/men/25.jpg
Yolanda,Chapman,YolaCha849,https://randomuser.me/api/portraits/thumb/women/79.jpg
Mathew,Wagner,MathWag113,https://randomuser.me/api/portraits/thumb/men/39.jpg
Willie,Jimenez,WillJim766,https://randomuser.me/api/portraits/thumb/men/87.jpg
Toni,Lawrence,ToniLaw963,https://randomuser.me/api/portraits/thumb/women/84.jpg
Nevaeh,Richardson,NevaRic780,https://randomuser.me/api/portraits/thumb/women/83.jpg
Bonnie,Barnett,BonnBar500,https://randomuser.me/api/portraits/thumb/women/8.jpg
Enrique,Spencer,EnriSpe110,https://randomuser.me/api/portraits/thumb/men/5.jpg
Connie,Clark,ConnCla761,https://randomuser.me/api/portraits/thumb/women/34.jpg
Terry,Cole,TerrCol357,https://randomuser.me/api/portraits/thumb/women/88.jpg
Sara,Black,SaraBla223,https://randomuser.me/api/portraits/thumb/women/28.jpg
Bradley,Simmons,BradSim132,https://randomuser.me/api/portraits/thumb/men/23.jpg
Walter,Robinson,WaltRob829,https://randomuser.me/api/portraits/thumb/men/71.jpg
Dianne,Nelson,DianNel140,https://randomuser.me/api/portraits/thumb/women/49.jpg
Howard,Steward,HowaSte491,https://randomuser.me/api/portraits/thumb/men/53.jpg
Nellie,Medina,NellMed009,https://randomuser.me/api/portraits/thumb/women/50.jpg
Dean,Fleming,DeanFle351,https://randomuser.me/api/portraits/thumb/men/78.jpg
Joanne,Newman,JoanNew801,https://randomuser.me/api/portraits/thumb/women/4.jpg
Brittany,Gardner,BritGar291,https://randomuser.me/api/portraits/thumb/women/62.jpg
Elsie,Grant,ElsiGra033,https://randomuser.me/api/portraits/thumb/women/9.jpg
Brad,Lambert,BradLam765,https://randomuser.me/api/portraits/thumb/men/96.jpg
Raymond,Richardson,RaymRic331,https://randomuser.me/api/portraits/thumb/men/59.jpg
Jackie,Morgan,JackMor931,https://randomuser.me/api/portraits/thumb/women/9.jpg
Ben,Wade,BenWad183,https://randomuser.me/api/portraits/thumb/men/48.jpg
Same,Reyes,SameRey880,https://randomuser.me/api/portraits/thumb/men/85.jpg
Pearl,Horton,PearHor702,https://randomuser.me/api/portraits/thumb/women/83.jpg
Clifton,Fowler,ClifFow388,https://randomuser.me/api/portraits/thumb/men/17.jpg
Jesus,Graves,JesuGra053,https://randomuser.me/api/portraits/thumb/men/84.jpg
Brandon,Lewis,BranLew342,https://randomuser.me/api/portraits/thumb/men/81.jpg
Jordan,Oliver,JordOli630,https://randomuser.me/api/portraits/thumb/men/84.jpg
Jeremy,Castro,JereCas367,https://randomuser.me/api/portraits/thumb/men/99.jpg
Hunter,Baker,HuntBak818,https://randomuser.me/api/portraits/thumb/men/3.jpg
Leonard,Martinez,LeonMar129,https://randomuser.me/api/portraits/thumb/men/31.jpg
Tamara,Phillips,TamaPhi301,https://randomuser.me/api/portraits/thumb/women/1.jpg
Jon,Collins,JonCol465,https://randomuser.me/api/portraits/thumb/men/2.jpg
Emily,Wright,EmilWri749,https://randomuser.me/api/portraits/thumb/women/68.jpg
Tara,Dunn,TaraDun299,https://randomuser.me/api/portraits/thumb/women/15.jpg
Naomi,Porter,NaomPor666,https://randomuser.me/api/portraits/thumb/women/75.jpg
Sherry,Alexander,SherAle326,https://randomuser.me/api/portraits/thumb/women/37.jpg
Barry,Wilson,BarrWil431,https://randomuser.me/api/portraits/thumb/men/56.jpg
Hunter,Ford,HuntFor659,https://randomuser.me/api/portraits/thumb/men/95.jpg
Louise,Berry,LouiBer094,https://randomuser.me/api/portraits/thumb/women/87.jpg
Penny,Kelly,PennKel491,https://randomuser.me/api/portraits/thumb/women/36.jpg
Victoria,Hernandez,VictHer431,https://randomuser.me/api/portraits/thumb/women/91.jpg
George,Moreno,GeorMor763,https://randomuser.me/api/portraits/thumb/men/55.jpg
Ernest,Tucker,ErneTuc002,https://randomuser.me/api/portraits/thumb/men/56.jpg
Leslie,Johnson,LeslJoh464,https://randomuser.me/api/portraits/thumb/women/8.jpg
Lillie,Webb,LillWeb031,https://randomuser.me/api/portraits/thumb/women/78.jpg
Lloyd,Meyer,LloyMey573,https://randomuser.me/api/portraits/thumb/men/1.jpg
Emma,Rogers,EmmaRog737,https://randomuser.me/api/portraits/thumb/women/16.jpg
Esther,Boyd,EsthBoy074,https://randomuser.me/api/portraits/thumb/women/85.jpg
Kyle,Garrett,KyleGar468,https://randomuser.me/api/portraits/thumb/men/28.jpg
Sonia,Chambers,SoniCha622,https://randomuser.me/api/portraits/thumb/women/31.jpg
Audrey,Banks,AudrBan105,https://randomuser.me/api/portraits/thumb/women/88.jpg
Pearl,Hayes,PearHay983,https://randomuser.me/api/portraits/thumb/women/55.jpg
Anna,Wheeler,AnnaWhe834,https://randomuser.me/api/portraits/thumb/women/42.jpg
Ava,Fuller,AvaFul357,https://randomuser.me/api/portraits/thumb/women/22.jpg
Tracy,Rogers,TracRog549,https://randomuser.me/api/portraits/thumb/women/92.jpg
Dwight,Edwards,DwigEdw448,https://randomuser.me/api/portraits/thumb/men/82.jpg
Kristin,Carroll,KrisCar168,https://randomuser.me/api/portraits/thumb/women/63.jpg
Anthony,Griffin,AnthGri124,https://randomuser.me/api/portraits/thumb/men/38.jpg
Erica,Roberts,EricRob361,https://randomuser.me/api/portraits/thumb/women/70.jpg
Travis,Jordan,TravJor501,https://randomuser.me/api/portraits/thumb/men/85.jpg
Lance,Green,LancGre431,https://randomuser.me/api/portraits/thumb/men/12.jpg
Letitia,Rose,LetiRos865,https://randomuser.me/api/portraits/thumb/women/96.jpg
Ashley,Payne,AshlPay582,https://randomuser.me/api/portraits/thumb/women/69.jpg
Patsy,Bradley,PatsBra281,https://randomuser.me/api/portraits/thumb/women/33.jpg
Amanda,Coleman,AmanCol760,https://randomuser.me/api/portraits/thumb/women/43.jpg
Edith,Hanson,EditHan484,https://randomuser.me/api/portraits/thumb/women/15.jpg
John,Torres,JohnTor377,https://randomuser.me/api/portraits/thumb/men/15.jpg
Martha,Porter,MartPor315,https://randomuser.me/api/portraits/thumb/women/19.jpg
Terrence,Crawford,TerrCra785,https://randomuser.me/api/portraits/thumb/men/35.jpg
Salvador,Fletcher,SalvFle520,https://randomuser.me/api/portraits/thumb/men/43.jpg
Barry,Long,BarrLon477,https://randomuser.me/api/portraits/thumb/men/87.jpg
Dwayne,Hansen,DwayHan507,https://randomuser.me/api/portraits/thumb/men/91.jpg
Angel,Daniels,AngeDan682,https://randomuser.me/api/portraits/thumb/men/99.jpg
Lois,Castillo,LoisCas014,https://randomuser.me/api/portraits/thumb/women/52.jpg
Jeffrey,Price,JeffPri676,https://randomuser.me/api/portraits/thumb/men/69.jpg
Joyce,Walters,JoycWal604,https://randomuser.me/api/portraits/thumb/women/58.jpg
Marian,Mason,MariMas940,https://randomuser.me/api/portraits/thumb/women/80.jpg
Ann,Bailey,AnnBai365,https://randomuser.me/api/portraits/thumb/women/65.jpg
Kelly,Hughes,KellHug993,https://randomuser.me/api/portraits/thumb/women/1.jpg
Delores,George,DeloGeo179,https://randomuser.me/api/portraits/thumb/women/47.jpg
Jessie,Nguyen,JessNgu407,https://randomuser.me/api/portraits/thumb/men/87.jpg
Rose,Simmmons,RoseSim137,https://randomuser.me/api/portraits/thumb/women/72.jpg
Kitty,Ray,KittRay384,https://randomuser.me/api/portraits/thumb/women/68.jpg
Marc,Griffin,MarcGri577,https://randomuser.me/api/portraits/thumb/men/69.jpg
Harvey,Collins,HarvCol055,https://randomuser.me/api/portraits/thumb/men/85.jpg
Heidi,Fletcher,HeidFle791,https://randomuser.me/api/portraits/thumb/women/85.jpg
Dora,Howard,DoraHow929,https://randomuser.me/api/portraits/thumb/women/76.jpg
Arthur,Schmidt,ArthSch635,https://randomuser.me/api/portraits/thumb/men/53.jpg
Philip,Fernandez,PhilFer529,https://randomuser.me/api/portraits/thumb/men/67.jpg
Gabriella,Franklin,GabrFra380,https://randomuser.me/api/portraits/thumb/women/11.jpg
Cathy,Ramos,CathRam567,https://randomuser.me/api/portraits/thumb/women/37.jpg
Brian,Baker,BriaBak574,https://randomuser.me/api/portraits/thumb/men/31.jpg
Madison,Mcdonalid,MadiMcd229,https://randomuser.me/api/portraits/thumb/women/37.jpg
Jeffery,Wells,JeffWel434,https://randomuser.me/api/portraits/thumb/men/4.jpg
Ben,Neal,BenNea533,https://randomuser.me/api/portraits/thumb/men/52.jpg
Phillip,Tucker,PhilTuc487,https://randomuser.me/api/portraits/thumb/men/81.jpg
Ethel,James,EtheJam175,https://randomuser.me/api/portraits/thumb/women/23.jpg
Same,Dean,SameDea945,https://randomuser.me/api/portraits/thumb/men/14.jpg
Rebecca,Torres,RebeTor800,https://randomuser.me/api/portraits/thumb/women/73.jpg
Evelyn,Ray,EvelRay950,https://randomuser.me/api/portraits/thumb/women/20.jpg
Yvonne,Austin,YvonAus172,https://randomuser.me/api/portraits/thumb/women/12.jpg
Suzanne,Price,SuzaPri476,https://randomuser.me/api/portraits/thumb/women/45.jpg
Charles,Stanley,CharSta880,https://randomuser.me/api/portraits/thumb/men/2.jpg
Alexis,Gilbert,AlexGil924,https://randomuser.me/api/portraits/thumb/women/59.jpg
Beverley,Sutton,BeveSut154,https://randomuser.me/api/portraits/thumb/women/48.jpg
Jean,Hudson,JeanHud339,https://randomuser.me/api/portraits/thumb/women/61.jpg
Wallace,Hudson,WallHud735,https://randomuser.me/api/portraits/thumb/men/7.jpg
Jonathan,Neal,JonaNea064,https://randomuser.me/api/portraits/thumb/men/86.jpg
Louise,Austin,LouiAus768,https://randomuser.me/api/portraits/thumb/women/28.jpg
Mildred,Hale,MildHal273,https://randomuser.me/api/portraits/thumb/women/23.jpg
Nora,Holland,NoraHol604,https://randomuser.me/api/portraits/thumb/women/29.jpg
Andre,Simpson,AndrSim713,https://randomuser.me/api/portraits/thumb/men/3.jpg
Kelly,Lewis,KellLew673,https://randomuser.me/api/portraits/thumb/men/40.jpg
Charlene,Bryant,CharBry774,https://randomuser.me/api/portraits/thumb/women/20.jpg
Ashley,Castillo,AshlCas256,https://randomuser.me/api/portraits/thumb/women/49.jpg
Mathew,Simpson,MathSim480,https://randomuser.me/api/portraits/thumb/men/56.jpg
Marvin,Kelly,MarvKel643,https://randomuser.me/api/portraits/thumb/men/33.jpg
Hunter,Evans,HuntEva586,https://randomuser.me/api/portraits/thumb/men/58.jpg
Landon,Gregory,LandGre473,https://randomuser.me/api/portraits/thumb/men/76.jpg
Julian,Hanson,JuliHan197,https://randomuser.me/api/portraits/thumb/men/79.jpg
James,Hill,JameHil729,https://randomuser.me/api/portraits/thumb/men/12.jpg
Kyle,Martinez,KyleMar578,https://randomuser.me/api/portraits/thumb/men/71.jpg
Courtney,Wagner,CourWag175,https://randomuser.me/api/portraits/thumb/women/57.jpg
Peter,Perkins,PetePer077,https://randomuser.me/api/portraits/thumb/men/63.jpg
Olivia,Rogers,OlivRog381,https://randomuser.me/api/portraits/thumb/women/96.jpg
Heidi,Sullivan,HeidSul417,https://randomuser.me/api/portraits/thumb/women/27.jpg
Javier,Horton,JaviHor372,https://randomuser.me/api/portraits/thumb/men/51.jpg
Chad,Holmes,ChadHol652,https://randomuser.me/api/portraits/thumb/men/14.jpg
Dianne,Kuhn,DianKuh483,https://randomuser.me/api/portraits/thumb/women/80.jpg
James,George,JameGeo511,https://randomuser.me/api/portraits/thumb/men/41.jpg
Christina,Lucas,ChriLuc360,https://randomuser.me/api/portraits/thumb/women/29.jpg
Victor,Anderson,VictAnd444,https://randomuser.me/api/portraits/thumb/men/59.jpg
Brandy,Kelly,BranKel208,https://randomuser.me/api/portraits/thumb/women/21.jpg
Billie,Perkins,BillPer970,https://randomuser.me/api/portraits/thumb/women/37.jpg
Dean,Griffin,DeanGri446,https://randomuser.me/api/portraits/thumb/men/10.jpg
Ava,Gonzalez,AvaGon118,https://randomuser.me/api/portraits/thumb/women/77.jpg
June,Payne,JunePay282,https://randomuser.me/api/portraits/thumb/women/87.jpg
Warren,Curtis,WarrCur875,https://randomuser.me/api/portraits/thumb/men/42.jpg
Arron,Stevens,ArroSte697,https://randomuser.me/api/portraits/thumb/men/52.jpg
Candice,Reynolds,CandRey417,https://randomuser.me/api/portraits/thumb/women/54.jpg
Riley,Mcdonalid,RileMcd230,https://randomuser.me/api/portraits/thumb/women/68.jpg
Russell,Ford,RussFor884,https://randomuser.me/api/portraits/thumb/men/84.jpg
Thomas,Wagner,ThomWag125,https://randomuser.me/api/portraits/thumb/men/86.jpg
Brayden,Cole,BrayCol070,https://randomuser.me/api/portraits/thumb/men/16.jpg
Adrian,Peterson,AdriPet631,https://randomuser.me/api/portraits/thumb/men/38.jpg
Daryl,Hill,DaryHil355,https://randomuser.me/api/portraits/thumb/men/74.jpg
Juan,Reed,JuanRee040,https://randomuser.me/api/portraits/thumb/men/79.jpg
Martha,Watson,MartWat598,https://randomuser.me/api/portraits/thumb/women/18.jpg
Nicole,Hoffman,NicoHof977,https://randomuser.me/api/portraits/thumb/women/63.jpg
Brooklyn,Fields,BrooFie320,https://randomuser.me/api/portraits/thumb/women/79.jpg
Cherly,Hicks,CherHic603,https://randomuser.me/api/portraits/thumb/women/45.jpg
Katrina,Douglas,KatrDou830,https://randomuser.me/api/portraits/thumb/women/58.jpg
Riley,Campbell,RileCam656,https://randomuser.me/api/portraits/thumb/women/29.jpg
Lori,Fletcher,LoriFle572,https://randomuser.me/api/portraits/thumb/women/87.jpg
Stephanie,Martinez,StepMar029,https://randomuser.me/api/portraits/thumb/women/7.jpg
Felecia,Jordan,FeleJor137,https://randomuser.me/api/portraits/thumb/women/39.jpg
Calvin,Watts,CalvWat654,https://randomuser.me/api/portraits/thumb/men/38.jpg
Byron,Gregory,ByroGre254,https://randomuser.me/api/portraits/thumb/men/70.jpg
Elaine,King,ElaiKin500,https://randomuser.me/api/portraits/thumb/women/57.jpg
Tamara,Smith,TamaSmi330,https://randomuser.me/api/portraits/thumb/women/90.jpg
Noah,Banks,NoahBan747,https://randomuser.me/api/portraits/thumb/men/14.jpg
Valerie,Gibson,ValeGib624,https://randomuser.me/api/portraits/thumb/women/70.jpg
Ralph,Hughes,RalpHug830,https://randomuser.me/api/portraits/thumb/men/44.jpg
Myrtle,Chapman,MyrtCha769,https://randomuser.me/api/portraits/thumb/women/66.jpg
Ruby,Reyes,RubyRey708,https://randomuser.me/api/portraits/thumb/women/82.jpg
Lucas,Mckinney,LucaMck622,https://randomuser.me/api/portraits/thumb/men/39.jpg
Calvin,Ramos,CalvRam362,https://randomuser.me/api/portraits/thumb/men/90.jpg
Sandra,Lewis,SandLew741,https://randomuser.me/api/portraits/thumb/women/91.jpg
Carlos,Bowman,CarlBow166,https://randomuser.me/api/portraits/thumb/men/72.jpg
Ashley,Peters,AshlPet535,https://randomuser.me/api/portraits/thumb/women/48.jpg
Heidi,Wheeler,HeidWhe346,https://randomuser.me/api/portraits/thumb/women/17.jpg
Lloyd,Holt,LloyHol732,https://randomuser.me/api/portraits/thumb/men/36.jpg
Gertrude,Byrd,GertByr323,https://randomuser.me/api/portraits/thumb/women/72.jpg
Abigail,Lambert,AbigLam579,https://randomuser.me/api/portraits/thumb/women/79.jpg
Wendy,Lane,WendLan045,https://randomuser.me/api/portraits/thumb/women/11.jpg
Rodney,Romero,RodnRom060,https://randomuser.me/api/portraits/thumb/men/5.jpg
Joshua,Woods,JoshWoo258,https://randomuser.me/api/portraits/thumb/men/40.jpg
Teresa,Wheeler,TereWhe280,https://randomuser.me/api/portraits/thumb/women/6.jpg
David,Butler,DaviBut463,https://randomuser.me/api/portraits/thumb/men/96.jpg
Josephine,Ford,JoseFor693,https://randomuser.me/api/portraits/thumb/women/38.jpg
Connor,Prescott,ConnPre663,https://randomuser.me/api/portraits/thumb/men/65.jpg
Kylie,Carlson,KyliCar353,https://randomuser.me/api/portraits/thumb/women/41.jpg
Charles,Fernandez,CharFer549,https://randomuser.me/api/portraits/thumb/men/12.jpg
Gregory,Hernandez,GregHer339,https://randomuser.me/api/portraits/thumb/men/22.jpg
Sebastian,Day,SebaDay723,https://randomuser.me/api/portraits/thumb/men/24.jpg
Guy,Berry,GuyBer037,https://randomuser.me/api/portraits/thumb/men/32.jpg
Ruby,Webb,RubyWeb522,https://randomuser.me/api/portraits/thumb/women/96.jpg
Albert,Fisher,AlbeFis805,https://randomuser.me/api/portraits/thumb/men/16.jpg
Edna,Prescott,EdnaPre098,https://randomuser.me/api/portraits/thumb/women/5.jpg
Brennan,Martin,BrenMar457,https://randomuser.me/api/portraits/thumb/men/58.jpg
Jim,Powell,JimPow592,https://randomuser.me/api/portraits/thumb/men/88.jpg
Veronica,Dixon,VeroDix517,https://randomuser.me/api/portraits/thumb/women/23.jpg
Barry,Cruz,BarrCru252,https://randomuser.me/api/portraits/thumb/men/39.jpg
Clifford,Ramirez,ClifRam801,https://randomuser.me/api/portraits/thumb/men/29.jpg
Alfredo,Washington,AlfrWas822,https://randomuser.me/api/portraits/thumb/men/10.jpg
Dwight,Barrett,DwigBar698,https://randomuser.me/api/portraits/thumb/men/43.jpg
Valerie,Stevens,ValeSte506,https://randomuser.me/api/portraits/thumb/women/42.jpg
Nevaeh,Edwards,NevaEdw526,https://randomuser.me/api/portraits/thumb/women/28.jpg
Eva,Warren,EvaWar397,https://randomuser.me/api/portraits/thumb/women/79.jpg
Madison,Duncan,MadiDun336,https://randomuser.me/api/portraits/thumb/women/3.jpg
Savannah,Curtis,SavaCur498,https://randomuser.me/api/portraits/thumb/women/93.jpg
Patsy,Holt,PatsHol743,https://randomuser.me/api/portraits/thumb/women/74.jpg
Bertha,Garcia,BertGar495,https://randomuser.me/api/portraits/thumb/women/26.jpg
Edwin,Mendoza,EdwiMen526,https://randomuser.me/api/portraits/thumb/men/37.jpg
Kirk,Stevens,KirkSte134,https://randomuser.me/api/portraits/thumb/men/52.jpg
Philip,Torres,PhilTor668,https://randomuser.me/api/portraits/thumb/men/35.jpg
Natalie,Diaz,NataDia689,https://randomuser.me/api/portraits/thumb/women/10.jpg
Eugene,King,EugeKin644,https://randomuser.me/api/portraits/thumb/men/92.jpg
Lorraine,Carroll,LorrCar005,https://randomuser.me/api/portraits/thumb/women/15.jpg
Vickie,Crawford,VickCra917,https://randomuser.me/api/portraits/thumb/women/30.jpg
Brayden,Brooks,BrayBro891,https://randomuser.me/api/portraits/thumb/men/46.jpg
Meghan,Morales,MeghMor109,https://randomuser.me/api/portraits/thumb/women/78.jpg
Danielle,Reid,DaniRei367,https://randomuser.me/api/portraits/thumb/women/5.jpg
Francisco,Campbell,FranCam147,https://randomuser.me/api/portraits/thumb/men/58.jpg
Sharlene,Douglas,SharDou514,https://randomuser.me/api/portraits/thumb/women/5.jpg
Rebecca,Elliott,RebeEll557,https://randomuser.me/api/portraits/thumb/women/2.jpg
Ramona,Phillips,RamoPhi214,https://randomuser.me/api/portraits/thumb/women/43.jpg
Gabriella,Lowe,GabrLow763,https://randomuser.me/api/portraits/thumb/women/58.jpg
Lillie,Edwards,LillEdw300,https://randomuser.me/api/portraits/thumb/women/35.jpg
Christina,Vasquez,ChriVas548,https://randomuser.me/api/portraits/thumb/women/75.jpg
Cherly,Gibson,CherGib081,https://randomuser.me/api/portraits/thumb/women/87.jpg
Chloe,Wilson,ChloWil568,https://randomuser.me/api/portraits/thumb/women/80.jpg
Edward,Tucker,EdwaTuc029,https://randomuser.me/api/portraits/thumb/men/33.jpg
Toni,Carlson,ToniCar823,https://randomuser.me/api/portraits/thumb/women/70.jpg
Eduardo,Rivera,EduaRiv192,https://randomuser.me/api/portraits/thumb/men/77.jpg
Amber,Watts,AmbeWat684,https://randomuser.me/api/portraits/thumb/women/48.jpg
Ruben,Reyes,RubeRey752,https://randomuser.me/api/portraits/thumb/men/23.jpg
Tina,Henderson,TinaHen302,https://randomuser.me/api/portraits/thumb/women/75.jpg
Ron,Stanley,RonSta746,https://randomuser.me/api/portraits/thumb/men/53.jpg
Roy,Bates,RoyBat718,https://randomuser.me/api/portraits/thumb/men/46.jpg
Oscar,Garcia,OscaGar445,https://randomuser.me/api/portraits/thumb/men/16.jpg
Lois,Thomas,LoisTho961,https://randomuser.me/api/portraits/thumb/women/24.jpg
Miriam,Ellis,MiriEll536,https://randomuser.me/api/portraits/thumb/women/30.jpg
Armando,Soto,ArmaSot438,https://randomuser.me/api/portraits/thumb/men/18.jpg
Loretta,Alvarez,LoreAlv323,https://randomuser.me/api/portraits/thumb/women/94.jpg
Dale,Lane,DaleLan466,https://randomuser.me/api/portraits/thumb/men/51.jpg
Ellen,Sims,ElleSim363,https://randomuser.me/api/portraits/thumb/women/6.jpg
Kirk,Curtis,KirkCur202,https://randomuser.me/api/portraits/thumb/men/58.jpg
Austin,Vasquez,AustVas527,https://randomuser.me/api/portraits/thumb/men/10.jpg
Lance,Morales,LancMor778,https://randomuser.me/api/portraits/thumb/men/45.jpg
Veronica,Harper,VeroHar501,https://randomuser.me/api/portraits/thumb/women/21.jpg
Gordon,Freeman,GordFre535,https://randomuser.me/api/portraits/thumb/men/45.jpg
Roger,Sims,RogeSim953,https://randomuser.me/api/portraits/thumb/men/57.jpg
Noelle,Howard,NoelHow762,https://randomuser.me/api/portraits/thumb/women/67.jpg
Bonnie,Flores,BonnFlo175,https://randomuser.me/api/portraits/thumb/women/1.jpg
Ruby,Snyder,RubySny292,https://randomuser.me/api/portraits/thumb/women/44.jpg
Felicia,Bell,FeliBel463,https://randomuser.me/api/portraits/thumb/women/18.jpg
Kathy,Jacobs,KathJac245,https://randomuser.me/api/portraits/thumb/women/44.jpg
Arnold,Watson,ArnoWat996,https://randomuser.me/api/portraits/thumb/men/24.jpg
Lucy,Hernandez,LucyHer157,https://randomuser.me/api/portraits/thumb/women/47.jpg
Dwayne,Little,DwayLit446,https://randomuser.me/api/portraits/thumb/men/23.jpg
Mattie,Tucker,MattTuc605,https://randomuser.me/api/portraits/thumb/women/25.jpg
Isobel,Chambers,IsobCha414,https://randomuser.me/api/portraits/thumb/women/87.jpg
Elaine,Graves,ElaiGra124,https://randomuser.me/api/portraits/thumb/women/45.jpg
Adam,King,AdamKin481,https://randomuser.me/api/portraits/thumb/men/97.jpg
Ramona,Fletcher,RamoFle603,https://randomuser.me/api/portraits/thumb/women/71.jpg
Debbie,Stone,DebbSto025,https://randomuser.me/api/portraits/thumb/women/22.jpg
Allan,Alvarez,AllaAlv635,https://randomuser.me/api/portraits/thumb/men/61.jpg
Billy,Murray,BillMur237,https://randomuser.me/api/portraits/thumb/men/6.jpg
Glen,Peterson,GlenPet246,https://randomuser.me/api/portraits/thumb/men/75.jpg
Mitchell,Riley,MitcRil315,https://randomuser.me/api/portraits/thumb/men/25.jpg
Meghan,Myers,MeghMye340,https://randomuser.me/api/portraits/thumb/women/4.jpg
Marion,Mcdonalid,MariMcd397,https://randomuser.me/api/portraits/thumb/men/7.jpg
Lorraine,Hernandez,LorrHer029,https://randomuser.me/api/portraits/thumb/women/49.jpg
Anne,Frazier,AnneFra102,https://randomuser.me/api/portraits/thumb/women/1.jpg
Chad,Bishop,ChadBis311,https://randomuser.me/api/portraits/thumb/men/92.jpg
Brooklyn,Vargas,BrooVar633,https://randomuser.me/api/portraits/thumb/women/83.jpg
Monica,Hawkins,MoniHaw676,https://randomuser.me/api/portraits/thumb/women/80.jpg
Julia,Neal,JuliNea876,https://randomuser.me/api/portraits/thumb/women/77.jpg
Tina,Nichols,TinaNic667,https://randomuser.me/api/portraits/thumb/women/85.jpg
David,Little,DaviLit632,https://randomuser.me/api/portraits/thumb/men/61.jpg
Erica,Parker,EricPar482,https://randomuser.me/api/portraits/thumb/women/78.jpg
Pamela,Ray,PameRay255,https://randomuser.me/api/portraits/thumb/women/47.jpg
Emily,Gonzalez,EmilGon020,https://randomuser.me/api/portraits/thumb/women/82.jpg
Lillian,Snyder,LillSny100,https://randomuser.me/api/portraits/thumb/women/67.jpg
Deann,Meyer,DeanMey198,https://randomuser.me/api/portraits/thumb/women/6.jpg
Dawn,Hart,DawnHar716,https://randomuser.me/api/portraits/thumb/women/30.jpg
Duane,Sims,DuanSim876,https://randomuser.me/api/portraits/thumb/men/23.jpg
Carter,Myers,CartMye241,https://randomuser.me/api/portraits/thumb/men/56.jpg
Curtis,Lawson,CurtLaw571,https://randomuser.me/api/portraits/thumb/men/49.jpg
Kathy,Burke,KathBur438,https://randomuser.me/api/portraits/thumb/women/95.jpg
Jessie,Clark,JessCla265,https://randomuser.me/api/portraits/thumb/men/42.jpg
Bill,Williamson,BillWil845,https://randomuser.me/api/portraits/thumb/men/63.jpg
Debbie,Garza,DebbGar801,https://randomuser.me/api/portraits/thumb/women/4.jpg
Kay,Ruiz,KayRui990,https://randomuser.me/api/portraits/thumb/women/38.jpg
Tyrone,Ortiz,TyroOrt572,https://randomuser.me/api/portraits/thumb/men/29.jpg
Gerald,Garrett,GeraGar299,https://randomuser.me/api/portraits/thumb/men/47.jpg
Alex,Nelson,AlexNel863,https://randomuser.me/api/portraits/thumb/men/50.jpg
Nicholas,Knight,NichKni211,https://randomuser.me/api/portraits/thumb/men/85.jpg
Julian,Burke,JuliBur675,https://randomuser.me/api/portraits/thumb/men/97.jpg
Vivan,Byrd,VivaByr393,https://randomuser.me/api/portraits/thumb/women/88.jpg
Arianna,Franklin,AriaFra097,https://randomuser.me/api/portraits/thumb/women/50.jpg
William,Gray,WillGra744,https://randomuser.me/api/portraits/thumb/men/31.jpg
Jessie,Matthews,JessMat217,https://randomuser.me/api/portraits/thumb/women/50.jpg
Guy,Rogers,GuyRog820,https://randomuser.me/api/portraits/thumb/men/44.jpg
Tammy,Stevens,TammSte748,https://randomuser.me/api/portraits/thumb/women/88.jpg
Billie,Pearson,BillPea860,https://randomuser.me/api/portraits/thumb/women/7.jpg
Vernon,Castillo,VernCas733,https://randomuser.me/api/portraits/thumb/men/25.jpg
Kyle,Romero,KyleRom435,https://randomuser.me/api/portraits/thumb/men/76.jpg
Madison,Little,MadiLit415,https://randomuser.me/api/portraits/thumb/women/7.jpg
Alice,Clark,AlicCla376,https://randomuser.me/api/portraits/thumb/women/82.jpg
Sara,Fuller,SaraFul664,https://randomuser.me/api/portraits/thumb/women/50.jpg
Camila,Gregory,CamiGre904,https://randomuser.me/api/portraits/thumb/women/82.jpg
Toni,Sanchez,ToniSan481,https://randomuser.me/api/portraits/thumb/women/17.jpg
Devon,Mcdonalid,DevoMcd305,https://randomuser.me/api/portraits/thumb/men/33.jpg
Kaylee,Torres,KaylTor254,https://randomuser.me/api/portraits/thumb/women/18.jpg
Sophia,Riley,SophRil527,https://randomuser.me/api/portraits/thumb/women/11.jpg
Gloria,Hart,GlorHar708,https://randomuser.me/api/portraits/thumb/women/4.jpg
Jared,Duncan,JareDun070,https://randomuser.me/api/portraits/thumb/men/83.jpg
Jo,Sanders,JoSan191,https://randomuser.me/api/portraits/thumb/women/52.jpg
Audrey,Matthews,AudrMat582,https://randomuser.me/api/portraits/thumb/women/58.jpg
Wyatt,Patterson,WyatPat628,https://randomuser.me/api/portraits/thumb/men/21.jpg
Eric,Bowman,EricBow623,https://randomuser.me/api/portraits/thumb/men/79.jpg
Jar,Brown,JarBro037,https://randomuser.me/api/portraits/thumb/men/29.jpg
Arianna,Peck,AriaPec740,https://randomuser.me/api/portraits/thumb/women/20.jpg
Leroy,Barrett,LeroBar416,https://randomuser.me/api/portraits/thumb/men/98.jpg
Marshall,Nichols,MarsNic819,https://randomuser.me/api/portraits/thumb/men/76.jpg
Emily,Wilson,EmilWil877,https://randomuser.me/api/portraits/thumb/women/67.jpg
Brianna,Jensen,BriaJen160,https://randomuser.me/api/portraits/thumb/women/25.jpg
Brooklyn,Richardson,BrooRic802,https://randomuser.me/api/portraits/thumb/women/40.jpg
Mason,Kelly,MasoKel818,https://randomuser.me/api/portraits/thumb/men/21.jpg
Rodney,Fox,RodnFox076,https://randomuser.me/api/portraits/thumb/men/80.jpg
Gabriel,Payne,GabrPay948,https://randomuser.me/api/portraits/thumb/men/80.jpg
Jill,Hopkins,JillHop248,https://randomuser.me/api/portraits/thumb/women/39.jpg
Judith,Torres,JudiTor174,https://randomuser.me/api/portraits/thumb/women/85.jpg
Lucy,Chambers,LucyCha087,https://randomuser.me/api/portraits/thumb/women/24.jpg
Avery,Parker,AverPar030,https://randomuser.me/api/portraits/thumb/women/69.jpg
Stella,Pierce,StelPie194,https://randomuser.me/api/portraits/thumb/women/53.jpg
Minnie,Graham,MinnGra014,https://randomuser.me/api/portraits/thumb/women/28.jpg
Darryl,Hudson,DarrHud659,https://randomuser.me/api/portraits/thumb/men/80.jpg
Todd,Murphy,ToddMur729,https://randomuser.me/api/portraits/thumb/men/95.jpg
Dennis,Mills,DennMil847,https://randomuser.me/api/portraits/thumb/men/78.jpg
Jeff,Palmer,JeffPal055,https://randomuser.me/api/portraits/thumb/men/69.jpg
Tara,Jimenez,TaraJim769,https://randomuser.me/api/portraits/thumb/women/55.jpg
Lucille,Morales,LuciMor010,https://randomuser.me/api/portraits/thumb/women/56.jpg
Raul,Long,RaulLon684,https://randomuser.me/api/portraits/thumb/men/81.jpg
Audrey,James,AudrJam068,https://randomuser.me/api/portraits/thumb/women/89.jpg
Melinda,Rogers,MeliRog397,https://randomuser.me/api/portraits/thumb/women/22.jpg
Erin,Vargas,ErinVar761,https://randomuser.me/api/portraits/thumb/women/36.jpg
Linda,Fisher,LindFis167,https://randomuser.me/api/portraits/thumb/women/9.jpg
Vanessa,Perkins,VanePer115,https://randomuser.me/api/portraits/thumb/women/15.jpg
Christian,Austin,ChriAus194,https://randomuser.me/api/portraits/thumb/men/62.jpg
Gilbert,Barnett,GilbBar088,https://randomuser.me/api/portraits/thumb/men/5.jpg
Christopher,Wood,ChriWoo228,https://randomuser.me/api/portraits/thumb/men/15.jpg
Victoria,Wells,VictWel345,https://randomuser.me/api/portraits/thumb/women/57.jpg
Louella,Pierce,LouePie408,https://randomuser.me/api/portraits/thumb/women/20.jpg
Ian,Dunn,IanDun931,https://randomuser.me/api/portraits/thumb/men/68.jpg
Brent,Marshall,BrenMar453,https://randomuser.me/api/portraits/thumb/men/74.jpg
Chad,Daniels,ChadDan341,https://randomuser.me/api/portraits/thumb/men/31.jpg
Bella,Simmons,BellSim551,https://randomuser.me/api/portraits/thumb/women/40.jpg
Ethel,Gonzales,EtheGon201,https://randomuser.me/api/portraits/thumb/women/6.jpg
Clara,Garcia,ClarGar043,https://randomuser.me/api/portraits/thumb/women/47.jpg
Gabriel,Arnold,GabrArn767,https://randomuser.me/api/portraits/thumb/men/64.jpg
Yvonne,Ray,YvonRay725,https://randomuser.me/api/portraits/thumb/women/77.jpg
Edward,Garza,EdwaGar392,https://randomuser.me/api/portraits/thumb/men/25.jpg
Randy,Welch,RandWel564,https://randomuser.me/api/portraits/thumb/men/67.jpg
Dale,Woods,DaleWoo792,https://randomuser.me/api/portraits/thumb/men/22.jpg
Annette,Ferguson,AnneFer571,https://randomuser.me/api/portraits/thumb/women/19.jpg
Noah,Gilbert,NoahGil270,https://randomuser.me/api/portraits/thumb/men/77.jpg
Peggy,Fleming,PeggFle231,https://randomuser.me/api/portraits/thumb/women/9.jpg
Janet,Freeman,JaneFre064,https://randomuser.me/api/portraits/thumb/women/96.jpg
Douglas,Phillips,DougPhi170,https://randomuser.me/api/portraits/thumb/men/42.jpg
Joanne,Horton,JoanHor952,https://randomuser.me/api/portraits/thumb/women/9.jpg
Gilbert,Neal,GilbNea730,https://randomuser.me/api/portraits/thumb/men/19.jpg
Jennifer,Richards,JennRic863,https://randomuser.me/api/portraits/thumb/women/44.jpg
Armando,Thomas,ArmaTho426,https://randomuser.me/api/portraits/thumb/men/54.jpg
Jason,Wallace,JasoWal458,https://randomuser.me/api/portraits/thumb/men/19.jpg
Kelly,Fox,KellFox333,https://randomuser.me/api/portraits/thumb/men/44.jpg
Ray,Mason,RayMas249,https://randomuser.me/api/portraits/thumb/men/91.jpg
Tiffany,Shelton,TiffShe046,https://randomuser.me/api/portraits/thumb/women/79.jpg
Kitty,Wallace,KittWal832,https://randomuser.me/api/portraits/thumb/women/95.jpg
Henry,Reed,HenrRee099,https://randomuser.me/api/portraits/thumb/men/24.jpg
Hazel,Burton,HazeBur333,https://randomuser.me/api/portraits/thumb/women/62.jpg
Dianne,Mckinney,DianMck228,https://randomuser.me/api/portraits/thumb/women/65.jpg
Maurice,Graham,MaurGra206,https://randomuser.me/api/portraits/thumb/men/98.jpg
Monica,Stevens,MoniSte977,https://randomuser.me/api/portraits/thumb/women/89.jpg
Michelle,Ellis,MichEll806,https://randomuser.me/api/portraits/thumb/women/40.jpg
Jar,Ferguson,JarFer109,https://randomuser.me/api/portraits/thumb/men/87.jpg
Gladys,Oliver,GladOli468,https://randomuser.me/api/portraits/thumb/women/91.jpg
Gladys,Gomez,GladGom917,https://randomuser.me/api/portraits/thumb/women/20.jpg
Francisco,Payne,FranPay240,https://randomuser.me/api/portraits/thumb/men/57.jpg
Melinda,Medina,MeliMed887,https://randomuser.me/api/portraits/thumb/women/75.jpg
Alma,Carr,AlmaCar738,https://randomuser.me/api/portraits/thumb/women/30.jpg
Rhonda,Anderson,RhonAnd313,https://randomuser.me/api/portraits/thumb/women/52.jpg
Andrea,Lawson,AndrLaw628,https://randomuser.me/api/portraits/thumb/women/61.jpg
Norman,Price,NormPri953,https://randomuser.me/api/portraits/thumb/men/12.jpg
Kelly,Ramirez,KellRam429,https://randomuser.me/api/portraits/thumb/women/20.jpg
Allen,Ferguson,AlleFer236,https://randomuser.me/api/portraits/thumb/men/38.jpg
Sally,Wheeler,SallWhe268,https://randomuser.me/api/portraits/thumb/women/15.jpg
Sally,Moreno,SallMor365,https://randomuser.me/api/portraits/thumb/women/15.jpg
Cody,Webb,CodyWeb242,https://randomuser.me/api/portraits/thumb/men/94.jpg
Walter,Wilson,WaltWil626,https://randomuser.me/api/portraits/thumb/men/96.jpg
Brittany,Ward,BritWar681,https://randomuser.me/api/portraits/thumb/women/14.jpg
Violet,Mills,ViolMil783,https://randomuser.me/api/portraits/thumb/women/13.jpg
Billie,Henry,BillHen212,https://randomuser.me/api/portraits/thumb/women/31.jpg
Darrell,James,DarrJam467,https://randomuser.me/api/portraits/thumb/men/77.jpg
Jennifer,Ramos,JennRam156,https://randomuser.me/api/portraits/thumb/women/77.jpg
Melvin,Marshall,MelvMar983,https://randomuser.me/api/portraits/thumb/men/11.jpg
Peter,Hoffman,PeteHof960,https://randomuser.me/api/portraits/thumb/men/15.jpg
Tracy,Martinez,TracMar825,https://randomuser.me/api/portraits/thumb/men/87.jpg
Holly,Chambers,HollCha013,https://randomuser.me/api/portraits/thumb/women/36.jpg
Willard,Martinez,WillMar621,https://randomuser.me/api/portraits/thumb/men/18.jpg
Sonia,Grant,SoniGra394,https://randomuser.me/api/portraits/thumb/women/26.jpg
Susan,Stewart,SusaSte657,https://randomuser.me/api/portraits/thumb/women/56.jpg
Monica,Stevens,MoniSte452,https://randomuser.me/api/portraits/thumb/women/11.jpg
Felecia,Bailey,FeleBai090,https://randomuser.me/api/portraits/thumb/women/78.jpg
Eddie,Hunter,EddiHun700,https://randomuser.me/api/portraits/thumb/men/49.jpg
Louise,Carter,LouiCar158,https://randomuser.me/api/portraits/thumb/women/8.jpg
Rick,Kelley,RickKel847,https://randomuser.me/api/portraits/thumb/men/2.jpg
Neil,Rodriguez,NeilRod138,https://randomuser.me/api/portraits/thumb/men/39.jpg
Alan,Medina,AlanMed776,https://randomuser.me/api/portraits/thumb/men/11.jpg
Ted,Kennedy,TedKen290,https://randomuser.me/api/portraits/thumb/men/70.jpg
Christy,Gomez,ChriGom504,https://randomuser.me/api/portraits/thumb/women/80.jpg
Kelly,Bennett,KellBen489,https://randomuser.me/api/portraits/thumb/women/77.jpg
Joyce,Barnes,JoycBar003,https://randomuser.me/api/portraits/thumb/women/90.jpg
Flenn,Moore,FlenMoo860,https://randomuser.me/api/portraits/thumb/men/96.jpg
Erica,Black,EricBla122,https://randomuser.me/api/portraits/thumb/women/36.jpg
Gordon,Brown,GordBro518,https://randomuser.me/api/portraits/thumb/men/75.jpg
Gilbert,Oliver,GilbOli973,https://randomuser.me/api/portraits/thumb/men/19.jpg
Edith,Armstrong,EditArm927,https://randomuser.me/api/portraits/thumb/women/53.jpg
Emily,Ford,EmilFor586,https://randomuser.me/api/portraits/thumb/women/52.jpg
Rosemary,Young,RoseYou301,https://randomuser.me/api/portraits/thumb/women/5.jpg
Chester,Franklin,ChesFra128,https://randomuser.me/api/portraits/thumb/men/13.jpg
Tamara,Simmmons,TamaSim364,https://randomuser.me/api/portraits/thumb/women/41.jpg
Pamela,Stanley,PameSta279,https://randomuser.me/api/portraits/thumb/women/46.jpg
Layla,Reyes,LaylRey736,https://randomuser.me/api/portraits/thumb/women/5.jpg
Vernon,Jones,VernJon245,https://randomuser.me/api/portraits/thumb/men/83.jpg
Jeremy,Hansen,JereHan402,https://randomuser.me/api/portraits/thumb/men/9.jpg
Michael,Stanley,MichSta230,https://randomuser.me/api/portraits/thumb/men/75.jpg
Allison,Welch,AlliWel688,https://randomuser.me/api/portraits/thumb/women/42.jpg
Tony,Knight,TonyKni319,https://randomuser.me/api/portraits/thumb/men/77.jpg
Roger,Montgomery,RogeMon179,https://randomuser.me/api/portraits/thumb/men/5.jpg
Tracey,Bryant,TracBry312,https://randomuser.me/api/portraits/thumb/women/93.jpg
Courtney,Baker,CourBak191,https://randomuser.me/api/portraits/thumb/women/50.jpg
Ross,Taylor,RossTay193,https://randomuser.me/api/portraits/thumb/men/52.jpg
George,King,GeorKin423,https://randomuser.me/api/portraits/thumb/men/34.jpg
Gary,Sanders,GarySan660,https://randomuser.me/api/portraits/thumb/men/17.jpg
Chad,Cox,ChadCox881,https://randomuser.me/api/portraits/thumb/men/71.jpg
Melanie,Diaz,MelaDia143,https://randomuser.me/api/portraits/thumb/women/93.jpg
Rachel,Taylor,RachTay162,https://randomuser.me/api/portraits/thumb/women/27.jpg
Scarlett,Cruz,ScarCru091,https://randomuser.me/api/portraits/thumb/women/25.jpg
Susan,Reynolds,SusaRey550,https://randomuser.me/api/portraits/thumb/women/27.jpg
Christina,Miles,ChriMil377,https://randomuser.me/api/portraits/thumb/women/53.jpg
Shawn,Dixon,ShawDix729,https://randomuser.me/api/portraits/thumb/men/42.jpg
Clayton,Rodriguez,ClayRod782,https://randomuser.me/api/portraits/thumb/men/1.jpg
Melissa,Ray,MeliRay982,https://randomuser.me/api/portraits/thumb/women/60.jpg
Angel,Weaver,AngeWea081,https://randomuser.me/api/portraits/thumb/men/96.jpg
Zoey,Taylor,ZoeyTay966,https://randomuser.me/api/portraits/thumb/women/89.jpg
Cecil,Peterson,CeciPet432,https://randomuser.me/api/portraits/thumb/men/60.jpg
Joanne,Fields,JoanFie159,https://randomuser.me/api/portraits/thumb/women/83.jpg
Vanessa,Elliott,VaneEll287,https://randomuser.me/api/portraits/thumb/women/58.jpg
Brittany,Armstrong,BritArm548,https://randomuser.me/api/portraits/thumb/women/82.jpg
Keith,Neal,KeitNea453,https://randomuser.me/api/portraits/thumb/men/5.jpg
Tracy,Bailey,TracBai965,https://randomuser.me/api/portraits/thumb/women/0.jpg
Michelle,Tucker,MichTuc850,https://randomuser.me/api/portraits/thumb/women/65.jpg
Roland,Watson,RolaWat589,https://randomuser.me/api/portraits/thumb/men/84.jpg
Linda,Griffin,LindGri655,https://randomuser.me/api/portraits/thumb/women/63.jpg
Jacob,Hansen,JacoHan046,https://randomuser.me/api/portraits/thumb/men/16.jpg
Layla,Armstrong,LaylArm486,https://randomuser.me/api/portraits/thumb/women/80.jpg
Andrew,Pena,AndrPen526,https://randomuser.me/api/portraits/thumb/men/97.jpg
Addison,Daniels,AddiDan026,https://randomuser.me/api/portraits/thumb/women/41.jpg
Chester,May,ChesMay195,https://randomuser.me/api/portraits/thumb/men/23.jpg
Jamie,Hunter,JamiHun782,https://randomuser.me/api/portraits/thumb/women/72.jpg
Juan,Soto,JuanSot350,https://randomuser.me/api/portraits/thumb/men/66.jpg
Landon,Vargas,LandVar364,https://randomuser.me/api/portraits/thumb/men/78.jpg
Angel,Mitchell,AngeMit675,https://randomuser.me/api/portraits/thumb/men/84.jpg
Ramon,Spencer,RamoSpe635,https://randomuser.me/api/portraits/thumb/men/81.jpg
Susan,Grant,SusaGra926,https://randomuser.me/api/portraits/thumb/women/88.jpg
Heidi,Ellis,HeidEll801,https://randomuser.me/api/portraits/thumb/women/28.jpg
Kaylee,Bell,KaylBel583,https://randomuser.me/api/portraits/thumb/women/43.jpg
Harper,Snyder,HarpSny866,https://randomuser.me/api/portraits/thumb/women/90.jpg
Bobby,Burke,BobbBur210,https://randomuser.me/api/portraits/thumb/men/50.jpg
Addison,Hicks,AddiHic668,https://randomuser.me/api/portraits/thumb/women/80.jpg
Jeanette,Ramos,JeanRam240,https://randomuser.me/api/portraits/thumb/women/52.jpg
Gladys,Bradley,GladBra402,https://randomuser.me/api/portraits/thumb/women/36.jpg
Wallace,Rose,WallRos452,https://randomuser.me/api/portraits/thumb/men/8.jpg
Clara,Evans,ClarEva472,https://randomuser.me/api/portraits/thumb/women/83.jpg
Katherine,Carr,KathCar965,https://randomuser.me/api/portraits/thumb/women/43.jpg
